run_id,variant,magnet_n,repetition,completed,timestamp_start,timestamp_end,nx,N,Tf,dt,sim_steps_requested,sim_steps_completed,disturbance_time_s,disturbance_applied,perturbation_scale,graph_build_time_s,equilibrium_time_s,correction_factor_fast,correction_time_s,build_ocp_time_s,build_sim_time_s,build_total_time_s,total_wall_time_s,generated_code_bytes,zEq_m,status_ok_count,status_max_iter_count,status_qp_fail_count,status_nonzero_count,diverged,sqp_iter_mean,sqp_iter_max,solve_time_reported_mean_ms,solve_time_reported_median_ms,solve_time_reported_p95_ms,solve_time_reported_max_ms,solve_wall_mean_ms,solve_wall_median_ms,solve_wall_p95_ms,solve_wall_max_ms,sim_wall_mean_ms,sim_wall_max_ms,final_state_error_norm,final_position_error_m,final_angle_norm_deg,rms_state_error_norm,rms_position_error_m,max_position_error_m,max_angle_norm_deg,mean_control_abs,max_control_abs,generated_code_dir,error_message,failure_category,per_run_bytes,per_run_c_lines,per_run_dyn_c_lines
full_n0004_rep01,full,4,1,0,NaT,19-May-2026 21:26:06,NaN,NaN,NaN,NaN,NaN,NaN,NaN,0,NaN,NaN,NaN,NaN,NaN,NaN,NaN,NaN,NaN,NaN,NaN,NaN,NaN,NaN,NaN,0,NaN,NaN,NaN,NaN,NaN,NaN,NaN,NaN,NaN,NaN,NaN,NaN,NaN,NaN,NaN,NaN,NaN,NaN,NaN,NaN,NaN,,"Output argument ""c"" (and possibly others) not assigned a value in the execution with ""computeSolenoidRadiusCorrectionFactor"" function.

Error in run_magnet_n_sweep>runSingleCase (line 180)
    correctionFactorFast = computeSolenoidRadiusCorrectionFactor(params_base, 'fast');
                           ^^^^^^^^^^^^^^^^^^^^^^^^^^^^^^^^^^^^^^^^^^^^^^^^^^^^^^^^^^
Error in run_magnet_n_sweep (line 83)
                result = runSingleCase(cfg, variant, magnet_n, rep, run_id);
                         ^^^^^^^^^^^^^^^^^^^^^^^^^^^^^^^^^^^^^^^^^^^^^^^^^^",no_equilibrium,0,0,0
full_n0004_rep02,full,4,2,0,NaT,19-May-2026 21:26:07,NaN,NaN,NaN,NaN,NaN,NaN,NaN,0,NaN,NaN,NaN,NaN,NaN,NaN,NaN,NaN,NaN,NaN,NaN,NaN,NaN,NaN,NaN,0,NaN,NaN,NaN,NaN,NaN,NaN,NaN,NaN,NaN,NaN,NaN,NaN,NaN,NaN,NaN,NaN,NaN,NaN,NaN,NaN,NaN,,"Output argument ""c"" (and possibly others) not assigned a value in the execution with ""computeSolenoidRadiusCorrectionFactor"" function.

Error in run_magnet_n_sweep>runSingleCase (line 180)
    correctionFactorFast = computeSolenoidRadiusCorrectionFactor(params_base, 'fast');
                           ^^^^^^^^^^^^^^^^^^^^^^^^^^^^^^^^^^^^^^^^^^^^^^^^^^^^^^^^^^
Error in run_magnet_n_sweep (line 83)
                result = runSingleCase(cfg, variant, magnet_n, rep, run_id);
                         ^^^^^^^^^^^^^^^^^^^^^^^^^^^^^^^^^^^^^^^^^^^^^^^^^^",no_equilibrium,0,0,0
full_n0004_rep03,full,4,3,0,NaT,19-May-2026 21:26:07,NaN,NaN,NaN,NaN,NaN,NaN,NaN,0,NaN,NaN,NaN,NaN,NaN,NaN,NaN,NaN,NaN,NaN,NaN,NaN,NaN,NaN,NaN,0,NaN,NaN,NaN,NaN,NaN,NaN,NaN,NaN,NaN,NaN,NaN,NaN,NaN,NaN,NaN,NaN,NaN,NaN,NaN,NaN,NaN,,"Output argument ""c"" (and possibly others) not assigned a value in the execution with ""computeSolenoidRadiusCorrectionFactor"" function.

Error in run_magnet_n_sweep>runSingleCase (line 180)
    correctionFactorFast = computeSolenoidRadiusCorrectionFactor(params_base, 'fast');
                           ^^^^^^^^^^^^^^^^^^^^^^^^^^^^^^^^^^^^^^^^^^^^^^^^^^^^^^^^^^
Error in run_magnet_n_sweep (line 83)
                result = runSingleCase(cfg, variant, magnet_n, rep, run_id);
                         ^^^^^^^^^^^^^^^^^^^^^^^^^^^^^^^^^^^^^^^^^^^^^^^^^^",no_equilibrium,0,0,0
full_n0006_rep01,full,6,1,1,19-May-2026 21:26:07,19-May-2026 21:27:26,12,10,0.05,0.005,2000,35,5,0,0.05,0.349099,0.385259,0.56440190770214,14.663582,33.109962,30.727209,63.838479,79.489529,16838336,0.0301175269560138,28,0,7,7,1,1,1,1.53845714285714,0.742,6.65,12.259,1.65425714285714,0.774,6.6629,14.637,0.5006,8.738,3114.09888120995,0.0454172808857225,431.800932687692,581.028350128426,0.00913683841300315,0.0454172808857225,431.800932687692,0.956836516139923,1,/home/mariujf/n_sweep/isolated_experiment2/results_magnet_n_sweep/generated_code/full_n0006_rep01,"",ok,16828507,300883,296969
full_n0006_rep02,full,6,2,1,19-May-2026 21:27:27,19-May-2026 21:28:46,12,10,0.05,0.005,2000,35,5,0,0.05,0.209422,0.04913,0.56440190770214,15.430417,32.602575,30.639467,63.242276,79.068757,33666843,0.0301175269560138,28,0,7,7,1,1,1,1.82945714285714,1.31,4.77449999999999,7.794,1.91445714285714,1.335,4.78519999999999,7.838,0.408742857142857,7.632,3114.09888120995,0.0454172808857225,431.800932687692,581.028350128426,0.00913683841300315,0.0454172808857225,431.800932687692,0.956836516139923,1,/home/mariujf/n_sweep/isolated_experiment2/results_magnet_n_sweep/generated_code/full_n0006_rep02,"",ok,16828507,300883,296969
full_n0006_rep03,full,6,3,1,19-May-2026 21:28:46,19-May-2026 21:30:04,12,10,0.05,0.005,2000,35,5,0,0.05,0.198251,0.057188,0.56440190770214,14.880348,32.136268,30.646364,62.782736,78.057341,50495382,0.0301175269560138,28,0,7,7,1,1,1,1.83128571428571,1.346,4.92019999999999,7.696,1.92354285714286,1.364,4.93539999999999,7.713,0.403257142857143,8.225,3114.09888120995,0.0454172808857225,431.800932687692,581.028350128426,0.00913683841300315,0.0454172808857225,431.800932687692,0.956836516139923,1,/home/mariujf/n_sweep/isolated_experiment2/results_magnet_n_sweep/generated_code/full_n0006_rep03,"",ok,16828539,300883,296969
full_n0008_rep01,full,8,1,1,19-May-2026 21:30:04,19-May-2026 21:31:54,12,10,0.05,0.005,2000,34,5,0,0.05,0.194113,0.048544,0.565776750905842,15.817787,47.416396,46.092962,93.509465,109.69998,72738205,0.0303908501858847,28,0,6,6,1,1,1,1.94352941176471,1.6485,2.7434,7.679,2.04526470588235,1.6685,3.42765,7.691,0.486558823529412,8.112,4103.3126391367,0.0239392687646311,582.781310421323,693.650346426538,0.00618710247086771,0.0239392687646311,582.781310421323,0.922418545206582,1,/home/mariujf/n_sweep/isolated_experiment2/results_magnet_n_sweep/generated_code/full_n0008_rep01,"",ok,22242823,400285,396371
full_n0008_rep02,full,8,2,1,19-May-2026 21:31:54,19-May-2026 21:33:43,12,10,0.05,0.005,2000,34,5,0,0.05,0.206079,0.051107,0.565776750905842,15.42058,47.066607,46.041446,93.108164,108.988718,94981028,0.0303908501858847,28,0,6,6,1,1,1,1.97491176470588,1.6545,3.05745,7.733,2.07905882352941,1.7205,3.94485,7.746,0.480235294117647,8.282,4103.3126391367,0.0239392687646311,582.781310421323,693.650346426538,0.00618710247086771,0.0239392687646311,582.781310421323,0.922418545206582,1,/home/mariujf/n_sweep/isolated_experiment2/results_magnet_n_sweep/generated_code/full_n0008_rep02,"",ok,22242823,400285,396371
full_n0008_rep03,full,8,3,1,19-May-2026 21:33:43,19-May-2026 21:35:32,12,10,0.05,0.005,2000,34,5,0,0.05,0.172308,0.048163,0.565776750905842,15.164006,47.456576,46.11126,93.567939,109.08408,117223851,0.0303908501858847,28,0,6,6,1,1,1,1.98167647058824,1.6825,2.5314,7.777,2.21844117647059,1.694,4.49870000000001,9.306,0.545176470588235,10.079,4103.3126391367,0.0239392687646311,582.781310421323,693.650346426538,0.00618710247086771,0.0239392687646311,582.781310421323,0.922418545206582,1,/home/mariujf/n_sweep/isolated_experiment2/results_magnet_n_sweep/generated_code/full_n0008_rep03,"",ok,22242823,400285,396371
full_n0010_rep01,full,10,1,1,19-May-2026 21:35:32,19-May-2026 21:37:47,12,10,0.05,0.005,2000,2000,5,1,0.05,0.182186,0.052694,0.564394821465138,15.082025,58.01758,57.028312,115.045995,135.028439,144453990,0.0301191833390181,2000,0,0,0,0,1,1,1.826905,1.761,2.0716,4.184,1.843336,1.773,2.1151,5.411,0.204501,8.928,0.00042877836947863,2.62966735668189e-13,0.0244870394258246,0.11426942476415,0.000142705543677093,0.00236737543042521,0.700088467887247,0.0153272495963123,0.999999999999985,/home/mariujf/n_sweep/isolated_experiment2/results_magnet_n_sweep/generated_code/full_n0010_rep01,"",ok,27230139,500085,496171
full_n0010_rep02,full,10,2,1,19-May-2026 21:37:48,19-May-2026 21:40:03,12,10,0.05,0.005,2000,2000,5,1,0.05,0.176545,0.052334,0.564394821465138,15.003738,58.31516,56.779638,115.094959,134.893671,171684129,0.0301191833390181,2000,0,0,0,0,1,1,1.7758965,1.73,1.96805,3.378,1.7918925,1.742,1.99215,5.348,0.2131235,9.313,0.00042877836947863,2.62966735668189e-13,0.0244870394258246,0.11426942476415,0.000142705543677093,0.00236737543042521,0.700088467887247,0.0153272495963123,0.999999999999985,/home/mariujf/n_sweep/isolated_experiment2/results_magnet_n_sweep/generated_code/full_n0010_rep02,"",ok,27230139,500085,496171
full_n0010_rep03,full,10,3,1,19-May-2026 21:40:03,19-May-2026 21:42:18,12,10,0.05,0.005,2000,2000,5,1,0.05,0.182076,0.050986,0.564394821465138,14.907081,58.729427,56.692542,115.422077,135.07437,198914268,0.0301191833390181,2000,0,0,0,0,1,1,1.769783,1.731,1.927,3.325,1.785277,1.742,1.95,5.732,0.1962005,9.273,0.00042877836947863,2.62966735668189e-13,0.0244870394258246,0.11426942476415,0.000142705543677093,0.00236737543042521,0.700088467887247,0.0153272495963123,0.999999999999985,/home/mariujf/n_sweep/isolated_experiment2/results_magnet_n_sweep/generated_code/full_n0010_rep03,"",ok,27230139,500085,496171
full_n0012_rep01,full,12,1,1,19-May-2026 21:42:18,19-May-2026 21:45:09,12,10,0.05,0.005,2000,2000,5,1,0.05,0.175531,0.059777,0.564401907475815,14.316226,76.26852,75.013787,151.282423,171.185793,231605281,0.0301175269560138,2000,0,0,0,0,1,1,2.138223,2.085,2.37805,4.026,2.1550665,2.096,2.40505,6.451,0.239943000000001,9.87,0.000428492048736825,2.09665965149434e-11,0.0244705689040676,0.114481651855115,0.00014255775732366,0.00236745358822248,0.700346598596787,0.0152632461025309,0.999999999999998,/home/mariujf/n_sweep/isolated_experiment2/results_magnet_n_sweep/generated_code/full_n0012_rep01,"",ok,32691013,599407,595493
full_n0012_rep02,full,12,2,1,19-May-2026 21:45:09,19-May-2026 21:48:01,12,10,0.05,0.005,2000,2000,5,1,0.05,0.176007,0.056841,0.564401907475815,14.540286,75.808736,75.369536,151.178379,171.285174,264296294,0.0301175269560138,2000,0,0,0,0,1,1,2.1328165,2.076,2.38555,3.981,2.1493635,2.088,2.42715,6.317,0.237435,9.505,0.000428492048736825,2.09665965149434e-11,0.0244705689040676,0.114481651855115,0.00014255775732366,0.00236745358822248,0.700346598596787,0.0152632461025309,0.999999999999998,/home/mariujf/n_sweep/isolated_experiment2/results_magnet_n_sweep/generated_code/full_n0012_rep02,"",ok,32691013,599407,595493
full_n0012_rep03,full,12,3,1,19-May-2026 21:48:01,19-May-2026 21:50:52,12,10,0.05,0.005,2000,2000,5,1,0.05,0.179567,0.055515,0.564401907475815,13.918275,76.070301,75.393575,151.463977,171.151381,296987307,0.0301175269560138,2000,0,0,0,0,1,1,2.2000255,2.117,2.56405,5.251,2.2176755,2.129,2.5973,6.664,0.257135,10.527,0.000428492048736825,2.09665965149434e-11,0.0244705689040676,0.114481651855115,0.00014255775732366,0.00236745358822248,0.700346598596787,0.0152632461025309,0.999999999999998,/home/mariujf/n_sweep/isolated_experiment2/results_magnet_n_sweep/generated_code/full_n0012_rep03,"",ok,32691013,599407,595493
full_n0016_rep01,full,16,1,1,19-May-2026 21:50:52,19-May-2026 21:55:26,12,10,0.05,0.005,2000,2000,5,1,0.05,0.183456,0.064265,0.564394454152293,12.312537,126.639647,127.875395,254.51515,273.928192,340120609,0.0301190191978034,2000,0,0,0,0,1,1,2.7872715,2.706,3.26425,5.261,2.8055525,2.717,3.32005,7.378,0.331548000000001,10.122,0.000428598266364679,3.51912249499412e-12,0.024476675235481,0.114495163009433,0.000142643693761487,0.00236743605875948,0.700618074530659,0.0153086522822904,0.999999999999985,/home/mariujf/n_sweep/isolated_experiment2/results_magnet_n_sweep/generated_code/full_n0016_rep01,"",ok,43133302,798761,794847
full_n0016_rep02,full,16,2,1,19-May-2026 21:55:26,19-May-2026 22:00:07,12,10,0.05,0.005,2000,2000,5,1,0.05,0.179566,0.065333,0.564394454152293,12.827866,131.870396,128.296474,260.166985,280.268883,383253911,0.0301190191978034,2000,0,0,0,0,1,1,2.84596,2.756,3.36115,6.5,2.8659415,2.768,3.39435,7.886,0.341611500000001,10.907,0.000428598266364679,3.51912249499412e-12,0.024476675235481,0.114495163009433,0.000142643693761487,0.00236743605875948,0.700618074530659,0.0153086522822904,0.999999999999985,/home/mariujf/n_sweep/isolated_experiment2/results_magnet_n_sweep/generated_code/full_n0016_rep02,"",ok,43133302,798761,794847
full_n0016_rep03,full,16,3,1,19-May-2026 22:00:07,19-May-2026 22:04:39,12,10,0.05,0.005,2000,2000,5,1,0.05,0.183578,0.070598,0.564394454152293,12.684573,126.264644,126.318227,252.58298,272.441396,426387213,0.0301190191978034,2000,0,0,0,0,1,1,2.812777,2.743,3.2541,4.466,2.8320175,2.756,3.28925,8.162,0.3343,16.075,0.000428598266364679,3.51912249499412e-12,0.024476675235481,0.114495163009433,0.000142643693761487,0.00236743605875948,0.700618074530659,0.0153086522822904,0.999999999999985,/home/mariujf/n_sweep/isolated_experiment2/results_magnet_n_sweep/generated_code/full_n0016_rep03,"",ok,43133302,798761,794847
full_n0020_rep01,full,20,1,1,19-May-2026 22:04:39,19-May-2026 22:11:14,12,10,0.05,0.005,2000,2000,5,1,0.05,0.177437,0.07818,0.564394817323794,15.033853,185.813028,184.894604,370.707767,394.373806,483118946,0.0301191833390181,2000,0,0,0,0,1,1,3.4704225,3.367,4.0683,7.373,3.490792,3.379,4.1124,8.987,0.4017635,11.189,0.000428612034416052,2.62824486593481e-13,0.0244774666078673,0.114504451136279,0.000142652978881019,0.00236738876464579,0.700666715515277,0.0153150619093505,0.999999999999985,/home/mariujf/n_sweep/isolated_experiment2/results_magnet_n_sweep/generated_code/full_n0020_rep01,"",ok,56731733,997557,993643
full_n0020_rep02,full,20,2,1,19-May-2026 22:11:14,19-May-2026 22:17:50,12,10,0.05,0.005,2000,2000,5,1,0.05,0.182164,0.073661,0.564394817323794,15.389649,185.958596,185.218644,371.177381,395.451278,539850679,0.0301191833390181,2000,0,0,0,0,1,1,3.5657435,3.449,4.29825,9.344,3.5870215,3.463,4.3521,9.423,0.4230565,11.659,0.000428612034416052,2.62824486593481e-13,0.0244774666078673,0.114504451136279,0.000142652978881019,0.00236738876464579,0.700666715515277,0.0153150619093505,0.999999999999985,/home/mariujf/n_sweep/isolated_experiment2/results_magnet_n_sweep/generated_code/full_n0020_rep02,"",ok,56731733,997557,993643
full_n0020_rep03,full,20,3,1,19-May-2026 22:17:50,19-May-2026 22:24:26,12,10,0.05,0.005,2000,2000,5,1,0.05,0.19049,0.073756,0.564394817323794,15.742461,186.50678,185.354116,371.86101,396.28938,596582428,0.0301191833390181,2000,0,0,0,0,1,1,3.4798875,3.36,4.07,7.868,3.499558,3.372,4.10835,9.093,0.412499,11.576,0.000428612034416052,2.62824486593481e-13,0.0244774666078673,0.114504451136279,0.000142652978881019,0.00236738876464579,0.700666715515277,0.0153150619093505,0.999999999999985,/home/mariujf/n_sweep/isolated_experiment2/results_magnet_n_sweep/generated_code/full_n0020_rep03,"",ok,56731749,997557,993643
full_n0030_rep01,full,30,1,1,19-May-2026 22:24:26,19-May-2026 22:37:51,12,10,0.05,0.005,2000,2000,5,1,0.05,0.181937,0.094134,0.564394803908671,15.728217,387.817118,388.001172,775.818396,804.548278,681700325,0.0301191786658315,2000,0,0,0,0,1,1,5.2603925,5.07,6.2813,11.835,5.2828625,5.085,6.33385,11.927,0.7641315,14.859,0.000428611605109177,9.72347353416381e-14,0.0244774419327343,0.114504157422843,0.00014265270941618,0.00236739065284935,0.700665266706591,0.0153148605042932,0.999999999999985,/home/mariujf/n_sweep/isolated_experiment2/results_magnet_n_sweep/generated_code/full_n0030_rep01,"",ok,85117897,1496127,1492213
full_n0030_rep02,full,30,2,1,19-May-2026 22:37:51,19-May-2026 22:51:16,12,10,0.05,0.005,2000,2000,5,1,0.05,0.18058,0.095,0.564394803908671,15.615058,388.662761,386.203317,774.866185,803.848166,766818222,0.0301191786658315,2000,0,0,0,0,1,1,5.3570495,5.159,6.2972,29.475,5.3817565,5.175,6.3375,29.547,0.831751,14.436,0.000428611605109177,9.72347353416381e-14,0.0244774419327343,0.114504157422843,0.00014265270941618,0.00236739065284935,0.700665266706591,0.0153148605042932,0.999999999999985,/home/mariujf/n_sweep/isolated_experiment2/results_magnet_n_sweep/generated_code/full_n0030_rep02,"",ok,85117897,1496127,1492213
full_n0030_rep03,full,30,3,1,19-May-2026 22:51:16,19-May-2026 23:04:48,12,10,0.05,0.005,2000,2000,5,1,0.05,0.181842,0.100646,0.564394803908671,15.53563,391.813299,391.214864,783.028309,811.680524,851936119,0.0301191786658315,2000,0,0,0,0,1,1,5.296002,5.147,6.29575,13.706,5.3202765,5.164,6.3619,13.782,0.7694935,13.421,0.000428611605109177,9.72347353416381e-14,0.0244774419327343,0.114504157422843,0.00014265270941618,0.00236739065284935,0.700665266706591,0.0153148605042932,0.999999999999985,/home/mariujf/n_sweep/isolated_experiment2/results_magnet_n_sweep/generated_code/full_n0030_rep03,"",ok,85117897,1496127,1492213
full_n0040_rep01,full,40,1,1,19-May-2026 23:04:48,19-May-2026 23:28:16,12,10,0.05,0.005,2000,2000,5,1,0.05,0.183831,0.115105,0.564394806949419,15.21727,690.953087,681.593888,1372.547199,1406.905981,965156330,0.0301191786658315,2000,0,0,0,0,1,1,7.6140625,7.211,9.13855,39.216,7.652879,7.231,9.3156,48.18,1.3551885,20.454,0.000428611604912186,9.7241659555662e-14,0.0244774419214135,0.11450415621104,0.000142652708087869,0.00236739064785851,0.700665266907109,0.0153148599751763,0.999999999999985,/home/mariujf/n_sweep/isolated_experiment2/results_magnet_n_sweep/generated_code/full_n0040_rep01,"",ok,113220211,1993497,1989583
full_n0040_rep02,full,40,2,1,19-May-2026 23:28:16,19-May-2026 23:51:39,12,10,0.05,0.005,2000,2000,5,1,0.05,0.199152,0.368131,0.564394806949419,15.593803,681.193855,686.852134,1368.046379,1402.673887,1078376541,0.0301191786658315,2000,0,0,0,0,1,1,7.3760175,7.117,8.60325,19.665,7.4204155,7.138,8.7195,35.001,1.418131,16.968,0.000428611604912186,9.7241659555662e-14,0.0244774419214135,0.11450415621104,0.000142652708087869,0.00236739064785851,0.700665266907109,0.0153148599751763,0.999999999999985,/home/mariujf/n_sweep/isolated_experiment2/results_magnet_n_sweep/generated_code/full_n0040_rep02,"",ok,113220211,1993497,1989583
full_n0040_rep03,full,40,3,1,19-May-2026 23:51:39,20-May-2026 00:15:13,12,10,0.05,0.005,2000,2000,5,1,0.05,0.189607,0.123055,0.564394806949419,15.024496,694.309533,685.506809,1379.816477,1413.674342,1191596752,0.0301191786658315,2000,0,0,0,0,1,1,7.4002645,7.085,8.94005,25.803,7.4382205,7.105,9.17625,25.91,1.4310985,21.276,0.000428611604912186,9.7241659555662e-14,0.0244774419214135,0.11450415621104,0.000142652708087869,0.00236739064785851,0.700665266907109,0.0153148599751763,0.999999999999985,/home/mariujf/n_sweep/isolated_experiment2/results_magnet_n_sweep/generated_code/full_n0040_rep03,"",ok,113220211,1993497,1989583
full_n0060_rep01,full,60,1,0,NaT,20-May-2026 00:19:07,NaN,NaN,NaN,NaN,NaN,NaN,NaN,0,NaN,NaN,NaN,NaN,NaN,NaN,NaN,NaN,NaN,NaN,NaN,NaN,NaN,NaN,NaN,0,NaN,NaN,NaN,NaN,NaN,NaN,NaN,NaN,NaN,NaN,NaN,NaN,NaN,NaN,NaN,NaN,NaN,NaN,NaN,NaN,NaN,,"Error using AcadosOcpSolver/compile_ocp_shared_lib (line 839)
Building templated code as shared library failed.
Got status 2, result: cc -fPIC -std=c99   -O2 -I/home/mariujf/acados/include -I/home/mariujf/acados/include/acados -I/home/mariujf/acados/include/blasfeo/include
-I/home/mariujf/acados/include/hpipm/include  -c -o maglev_nmpc_full_n0060_rep01_cost/maglev_nmpc_full_n0060_rep01_cost_y_0_fun.o
maglev_nmpc_full_n0060_rep01_cost/maglev_nmpc_full_n0060_rep01_cost_y_0_fun.c
cc -fPIC -std=c99   -O2 -I/home/mariujf/acados/include -I/home/mariujf/acados/include/acados -I/home/mariujf/acados/include/blasfeo/include
-I/home/mariujf/acados/include/hpipm/include  -c -o maglev_nmpc_full_n0060_rep01_cost/maglev_nmpc_full_n0060_rep01_cost_y_0_fun_jac_ut_xt.o
maglev_nmpc_full_n0060_rep01_cost/maglev_nmpc_full_n0060_rep01_cost_y_0_fun_jac_ut_xt.c
cc -fPIC -std=c99   -O2 -I/home/mariujf/acados/include -I/home/mariujf/acados/include/acados -I/home/mariujf/acados/include/blasfeo/include
-I/home/mariujf/acados/include/hpipm/include  -c -o maglev_nmpc_full_n0060_rep01_cost/maglev_nmpc_full_n0060_rep01_cost_y_fun.o
maglev_nmpc_full_n0060_rep01_cost/maglev_nmpc_full_n0060_rep01_cost_y_fun.c
cc -fPIC -std=c99   -O2 -I/home/mariujf/acados/include -I/home/mariujf/acados/include/acados -I/home/mariujf/acados/include/blasfeo/include
-I/home/mariujf/acados/include/hpipm/include  -c -o maglev_nmpc_full_n0060_rep01_cost/maglev_nmpc_full_n0060_rep01_cost_y_fun_jac_ut_xt.o
maglev_nmpc_full_n0060_rep01_cost/maglev_nmpc_full_n0060_rep01_cost_y_fun_jac_ut_xt.c
cc -fPIC -std=c99   -O2 -I/home/mariujf/acados/include -I/home/mariujf/acados/include/acados -I/home/mariujf/acados/include/blasfeo/include
-I/home/mariujf/acados/include/hpipm/include  -c -o maglev_nmpc_full_n0060_rep01_cost/maglev_nmpc_full_n0060_rep01_cost_y_e_fun.o
maglev_nmpc_full_n0060_rep01_cost/maglev_nmpc_full_n0060_rep01_cost_y_e_fun.c
cc -fPIC -std=c99   -O2 -I/home/mariujf/acados/include -I/home/mariujf/acados/include/acados -I/home/mariujf/acados/include/blasfeo/include
-I/home/mariujf/acados/include/hpipm/include  -c -o maglev_nmpc_full_n0060_rep01_cost/maglev_nmpc_full_n0060_rep01_cost_y_e_fun_jac_ut_xt.o
maglev_nmpc_full_n0060_rep01_cost/maglev_nmpc_full_n0060_rep01_cost_y_e_fun_jac_ut_xt.c
cc -fPIC -std=c99   -O2 -I/home/mariujf/acados/include -I/home/mariujf/acados/include/acados -I/home/mariujf/acados/include/blasfeo/include
-I/home/mariujf/acados/include/hpipm/include  -c -o acados_solver_maglev_nmpc_full_n0060_rep01.o acados_solver_maglev_nmpc_full_n0060_rep01.c
cc -fPIC -std=c99   -O2 -I/home/mariujf/acados/include -I/home/mariujf/acados/include/acados -I/home/mariujf/acados/include/blasfeo/include
-I/home/mariujf/acados/include/hpipm/include  -c -o maglev_nmpc_full_n0060_rep01_model/maglev_nmpc_full_n0060_rep01_impl_dae_fun.o
maglev_nmpc_full_n0060_rep01_model/maglev_nmpc_full_n0060_rep01_impl_dae_fun.c
cc -fPIC -std=c99   -O2 -I/home/mariujf/acados/include -I/home/mariujf/acados/include/acados -I/home/mariujf/acados/include/blasfeo/include
-I/home/mariujf/acados/include/hpipm/include  -c -o maglev_nmpc_full_n0060_rep01_model/maglev_nmpc_full_n0060_rep01_impl_dae_fun_jac_x_xdot_z.o
maglev_nmpc_full_n0060_rep01_model/maglev_nmpc_full_n0060_rep01_impl_dae_fun_jac_x_xdot_z.c
cc: fatal error: Killed signal terminated program cc1
compilation terminated.
make: *** [<builtin>: maglev_nmpc_full_n0060_rep01_model/maglev_nmpc_full_n0060_rep01_impl_dae_fun_jac_x_xdot_z.o] Error 1


Error in AcadosOcpSolver (line 162)
                obj.compile_ocp_shared_lib(code_export_directory);
                ^^^^^^^^^^^^^^^^^^^^^^^^^^^^^^^^^^^^^^^^^^^^^^^^^
Error in run_magnet_n_sweep>runSingleCase (line 198)
    ocp_solver = AcadosOcpSolver(setup.ocp);
                 ^^^^^^^^^^^^^^^^^^^^^^^^^^
Error in run_magnet_n_sweep (line 83)
                result = runSingleCase(cfg, variant, magnet_n, rep, run_id);
                         ^^^^^^^^^^^^^^^^^^^^^^^^^^^^^^^^^^^^^^^^^^^^^^^^^^",compiler_killed,0,0,0
reduced_n0004_rep01,reduced,4,1,0,NaT,20-May-2026 13:19:18,NaN,NaN,NaN,NaN,NaN,NaN,NaN,0,NaN,NaN,NaN,NaN,NaN,NaN,NaN,NaN,NaN,NaN,NaN,NaN,NaN,NaN,NaN,0,NaN,NaN,NaN,NaN,NaN,NaN,NaN,NaN,NaN,NaN,NaN,NaN,NaN,NaN,NaN,NaN,NaN,NaN,NaN,NaN,NaN,,"Output argument ""c"" (and possibly others) not assigned a value in the execution with ""computeSolenoidRadiusCorrectionFactor"" function.

Error in run_magnet_n_sweep>runSingleCase (line 206)
    correctionFactorFast = computeSolenoidRadiusCorrectionFactor(params_base, 'fast');
                           ^^^^^^^^^^^^^^^^^^^^^^^^^^^^^^^^^^^^^^^^^^^^^^^^^^^^^^^^^^
Error in run_magnet_n_sweep (line 83)
                result = runSingleCase(cfg, variant, magnet_n, rep, run_id);
                         ^^^^^^^^^^^^^^^^^^^^^^^^^^^^^^^^^^^^^^^^^^^^^^^^^^",no_equilibrium,0,0,0
reduced_n0004_rep02,reduced,4,2,0,NaT,20-May-2026 13:19:19,NaN,NaN,NaN,NaN,NaN,NaN,NaN,0,NaN,NaN,NaN,NaN,NaN,NaN,NaN,NaN,NaN,NaN,NaN,NaN,NaN,NaN,NaN,0,NaN,NaN,NaN,NaN,NaN,NaN,NaN,NaN,NaN,NaN,NaN,NaN,NaN,NaN,NaN,NaN,NaN,NaN,NaN,NaN,NaN,,"Output argument ""c"" (and possibly others) not assigned a value in the execution with ""computeSolenoidRadiusCorrectionFactor"" function.

Error in run_magnet_n_sweep>runSingleCase (line 206)
    correctionFactorFast = computeSolenoidRadiusCorrectionFactor(params_base, 'fast');
                           ^^^^^^^^^^^^^^^^^^^^^^^^^^^^^^^^^^^^^^^^^^^^^^^^^^^^^^^^^^
Error in run_magnet_n_sweep (line 83)
                result = runSingleCase(cfg, variant, magnet_n, rep, run_id);
                         ^^^^^^^^^^^^^^^^^^^^^^^^^^^^^^^^^^^^^^^^^^^^^^^^^^",no_equilibrium,0,0,0
reduced_n0004_rep03,reduced,4,3,0,NaT,20-May-2026 13:19:19,NaN,NaN,NaN,NaN,NaN,NaN,NaN,0,NaN,NaN,NaN,NaN,NaN,NaN,NaN,NaN,NaN,NaN,NaN,NaN,NaN,NaN,NaN,0,NaN,NaN,NaN,NaN,NaN,NaN,NaN,NaN,NaN,NaN,NaN,NaN,NaN,NaN,NaN,NaN,NaN,NaN,NaN,NaN,NaN,,"Output argument ""c"" (and possibly others) not assigned a value in the execution with ""computeSolenoidRadiusCorrectionFactor"" function.

Error in run_magnet_n_sweep>runSingleCase (line 206)
    correctionFactorFast = computeSolenoidRadiusCorrectionFactor(params_base, 'fast');
                           ^^^^^^^^^^^^^^^^^^^^^^^^^^^^^^^^^^^^^^^^^^^^^^^^^^^^^^^^^^
Error in run_magnet_n_sweep (line 83)
                result = runSingleCase(cfg, variant, magnet_n, rep, run_id);
                         ^^^^^^^^^^^^^^^^^^^^^^^^^^^^^^^^^^^^^^^^^^^^^^^^^^",no_equilibrium,0,0,0
reduced_n0006_rep01,reduced,6,1,1,20-May-2026 13:19:19,20-May-2026 13:20:35,10,10,0.05,0.005,2000,35,5,0,0.05,0.41338,0.423541,0.56440190770214,15.149331,29.742534,28.251338,57.994559,74.315127,1289045041,0.0301175269560138,32,0,3,3,1,1,1,2.43114285714286,0.821,7.9492,10.74,2.69934285714286,0.863,8.0114,18.175,0.664057142857143,12.631,7053.25910633656,0.0572103346707743,989.949791968288,1176.00620235415,0.0111324038114753,0.0572103346707743,989.949791968288,0.956185559559903,1,/home/mariujf/n_sweep/isolated_experiment2/results_magnet_n_sweep/generated_code/reduced_n0006_rep01,"",ok,14603942,255810,251918
reduced_n0006_rep02,reduced,6,2,1,20-May-2026 13:20:36,20-May-2026 13:21:48,10,10,0.05,0.005,2000,35,5,0,0.05,0.225099,0.032967,0.56440190770214,15.08972,28.530869,27.468494,56.000013,71.5331,1303648983,0.0301175269560138,32,0,3,3,1,1,1,2.49534285714286,1.233,7.059,7.247,2.73902857142857,1.277,7.1467,8.722,0.559142857142857,12.849,7053.25910633656,0.0572103346707743,989.949791968288,1176.00620235415,0.0111324038114753,0.0572103346707743,989.949791968288,0.956185559559903,1,/home/mariujf/n_sweep/isolated_experiment2/results_magnet_n_sweep/generated_code/reduced_n0006_rep02,"",ok,14603942,255810,251918
reduced_n0006_rep03,reduced,6,3,1,20-May-2026 13:21:48,20-May-2026 13:23:01,10,10,0.05,0.005,2000,35,5,0,0.05,0.203932,0.029434,0.56440190770214,14.941993,28.454554,27.654821,56.109528,71.469377,1318252925,0.0301175269560138,32,0,3,3,1,1,1,2.55171428571429,1.303,7.1377,7.346,2.7914,1.334,7.2358,8.664,0.559657142857143,12.916,7053.25910633656,0.0572103346707743,989.949791968288,1176.00620235415,0.0111324038114753,0.0572103346707743,989.949791968288,0.956185559559903,1,/home/mariujf/n_sweep/isolated_experiment2/results_magnet_n_sweep/generated_code/reduced_n0006_rep03,"",ok,14603942,255810,251918
reduced_n0008_rep01,reduced,8,1,1,20-May-2026 13:23:01,20-May-2026 13:24:40,10,10,0.05,0.005,2000,34,5,0,0.05,0.231373,0.050587,0.565776750905842,15.503216,41.454307,40.129466,81.583875,97.5427,1337550233,0.0303908501858847,27,0,7,7,1,1,1,2.06844117647059,1.569,4.12925,6.707,2.34991176470588,1.624,5.497,10.138,0.706382352941177,16.21,33177.0209792462,0.0668856505222782,4720.18796329714,5607.94848995815,0.0123628748771828,0.0668856505222782,4720.18796329714,0.923512707065444,1,/home/mariujf/n_sweep/isolated_experiment2/results_magnet_n_sweep/generated_code/reduced_n0008_rep01,"",ok,19297308,340564,336672
reduced_n0008_rep02,reduced,8,2,1,20-May-2026 13:24:40,20-May-2026 13:26:18,10,10,0.05,0.005,2000,34,5,0,0.05,0.223707,0.03131,0.565776750905842,15.332519,41.571297,40.412751,81.984236,97.807296,1356847541,0.0303908501858847,27,0,7,7,1,1,1,2.13294117647059,1.531,4.2372,9.545,2.39502941176471,1.551,6.55260000000001,9.682,0.64,14.864,33177.0209792462,0.0668856505222782,4720.18796329714,5607.94848995815,0.0123628748771828,0.0668856505222782,4720.18796329714,0.923512707065444,1,/home/mariujf/n_sweep/isolated_experiment2/results_magnet_n_sweep/generated_code/reduced_n0008_rep02,"",ok,19297308,340564,336672
reduced_n0008_rep03,reduced,8,3,1,20-May-2026 13:26:18,20-May-2026 13:27:56,10,10,0.05,0.005,2000,34,5,0,0.05,0.188839,0.187489,0.565776750905842,14.939777,41.256426,40.293844,81.55039,97.007535,1376144849,0.0303908501858847,27,0,7,7,1,1,1,2.19844117647059,1.5205,4.64195,10.729,2.47305882352941,1.533,6.71855000000001,10.795,0.613852941176471,13.831,33177.0209792462,0.0668856505222782,4720.18796329714,5607.94848995815,0.0123628748771828,0.0668856505222782,4720.18796329714,0.923512707065444,1,/home/mariujf/n_sweep/isolated_experiment2/results_magnet_n_sweep/generated_code/reduced_n0008_rep03,"",ok,19297308,340564,336672
reduced_n0010_rep01,reduced,10,1,1,20-May-2026 13:27:56,20-May-2026 13:29:59,10,10,0.05,0.005,2000,2000,5,1,0.05,0.188707,0.110918,0.564394821465138,15.002533,52.184068,51.116205,103.300383,122.871103,1399909683,0.0301191833390181,2000,0,0,0,0,1,1,1.638633,1.583,1.84515,4.212,1.6574635,1.595,1.87105,10.301,0.1827715,14.242,4.00101354057957e-12,3.95056210063793e-12,2.23044635599886e-13,0.114233171625096,0.00014276827336692,0.00236737538766778,0.698443776386709,0.015341318047804,0.999999999999985,/home/mariujf/n_sweep/isolated_experiment2/results_magnet_n_sweep/generated_code/reduced_n0010_rep01,"",ok,23764834,425554,421662
reduced_n0010_rep02,reduced,10,2,1,20-May-2026 13:29:59,20-May-2026 13:32:03,10,10,0.05,0.005,2000,2000,5,1,0.05,0.186653,0.063717,0.564394821465138,15.234046,52.33681,51.135278,103.472197,123.106069,1423674517,0.0301191833390181,2000,0,0,0,0,1,1,1.5846955,1.534,1.75315,3.051,1.6032865,1.546,1.776,11.287,0.1815585,14.727,4.00101354057957e-12,3.95056210063793e-12,2.23044635599886e-13,0.114233171625096,0.00014276827336692,0.00236737538766778,0.698443776386709,0.015341318047804,0.999999999999985,/home/mariujf/n_sweep/isolated_experiment2/results_magnet_n_sweep/generated_code/reduced_n0010_rep02,"",ok,23764834,425554,421662
reduced_n0010_rep03,reduced,10,3,1,20-May-2026 13:32:03,20-May-2026 13:34:07,10,10,0.05,0.005,2000,2000,5,1,0.05,0.196909,0.063156,0.564394821465138,14.985361,52.201334,51.507593,103.709035,123.190124,1447439351,0.0301191833390181,2000,0,0,0,0,1,1,1.6102485,1.563,1.7982,3.235,1.6312925,1.576,1.82115,14.637,0.186818500000001,17.996,4.00101354057957e-12,3.95056210063793e-12,2.23044635599886e-13,0.114233171625096,0.00014276827336692,0.00236737538766778,0.698443776386709,0.015341318047804,0.999999999999985,/home/mariujf/n_sweep/isolated_experiment2/results_magnet_n_sweep/generated_code/reduced_n0010_rep03,"",ok,23764834,425554,421662
reduced_n0012_rep01,reduced,12,1,1,20-May-2026 13:34:07,20-May-2026 13:36:36,10,10,0.05,0.005,2000,2000,5,1,0.05,0.186115,0.090212,0.564401907475815,14.115257,64.727324,64.01117,128.738604,147.873874,1475811981,0.0301175269560138,2000,0,0,0,0,1,1,1.8415425,1.8,2.006,3.535,1.8616425,1.812,2.03415,13.271,0.216824000000001,15.967,3.96935186965387e-12,3.95939531188736e-12,2.80087023341136e-14,0.114445389527503,0.00014262076043582,0.00236745413635794,0.698705805514531,0.0152779890314292,0.999999999999999,/home/mariujf/n_sweep/isolated_experiment2/results_magnet_n_sweep/generated_code/reduced_n0012_rep01,"",ok,28372630,510136,506244
reduced_n0012_rep02,reduced,12,2,1,20-May-2026 13:36:36,20-May-2026 13:39:05,10,10,0.05,0.005,2000,2000,5,1,0.05,0.197342,0.055188,0.564401907475815,14.526261,65.317505,63.765965,129.083599,148.64961,1504184611,0.0301175269560138,2000,0,0,0,0,1,1,1.860736,1.792,2.21315,3.775,1.880471,1.804,2.2465,12.572,0.215018,14.918,3.96935186965387e-12,3.95939531188736e-12,2.80087023341136e-14,0.114445389527503,0.00014262076043582,0.00236745413635794,0.698705805514531,0.0152779890314292,0.999999999999999,/home/mariujf/n_sweep/isolated_experiment2/results_magnet_n_sweep/generated_code/reduced_n0012_rep02,"",ok,28372630,510136,506244
reduced_n0012_rep03,reduced,12,3,1,20-May-2026 13:39:05,20-May-2026 13:41:34,10,10,0.05,0.005,2000,2000,5,1,0.05,0.184666,0.109393,0.564401907475815,14.432147,65.194712,64.030432,129.225255,148.794389,1532557241,0.0301175269560138,2000,0,0,0,0,1,1,1.8728215,1.815,2.1544,3.723,1.8928305,1.827,2.194,12.293,0.2263945,15.906,3.96935186965387e-12,3.95939531188736e-12,2.80087023341136e-14,0.114445389527503,0.00014262076043582,0.00236745413635794,0.698705805514531,0.0152779890314292,0.999999999999999,/home/mariujf/n_sweep/isolated_experiment2/results_magnet_n_sweep/generated_code/reduced_n0012_rep03,"",ok,28372630,510136,506244
reduced_n0016_rep01,reduced,16,1,1,20-May-2026 13:41:34,20-May-2026 13:45:16,10,10,0.05,0.005,2000,2000,5,1,0.05,0.188279,0.108727,0.564394454152293,12.770224,100.65352,100.948244,201.601872,220.835878,1569954598,0.0301190191978034,2000,0,0,0,0,1,1,2.464349,2.401,2.805,5.137,2.4861465,2.415,2.83405,16.325,0.2992495,18.276,3.9641566286296e-12,3.95013535857349e-12,1.12543677045308e-13,0.114458854261443,0.00014270694376714,0.00236744053875083,0.698973535489908,0.0153232295611628,0.999999999999999,/home/mariujf/n_sweep/isolated_experiment2/results_magnet_n_sweep/generated_code/reduced_n0016_rep01,"",ok,37397357,680118,676226
reduced_n0016_rep02,reduced,16,2,1,20-May-2026 13:45:16,20-May-2026 13:48:58,10,10,0.05,0.005,2000,2000,5,1,0.05,0.191876,0.064543,0.564394454152293,12.987384,102.293619,99.388722,201.682454,221.169068,1607351955,0.0301190191978034,2000,0,0,0,0,1,1,2.4832355,2.386,2.94525,5.319,2.505317,2.398,2.9891,12.468,0.306339,16.67,3.9641566286296e-12,3.95013535857349e-12,1.12543677045308e-13,0.114458854261443,0.00014270694376714,0.00236744053875083,0.698973535489908,0.0153232295611628,0.999999999999999,/home/mariujf/n_sweep/isolated_experiment2/results_magnet_n_sweep/generated_code/reduced_n0016_rep02,"",ok,37397357,680118,676226
reduced_n0016_rep03,reduced,16,3,1,20-May-2026 13:48:58,20-May-2026 13:52:41,10,10,0.05,0.005,2000,2000,5,1,0.05,0.189823,0.066169,0.564394454152293,13.080976,101.044636,101.60616,202.650907,222.187158,1644749312,0.0301190191978034,2000,0,0,0,0,1,1,2.4684955,2.394,2.8284,4.816,2.489862,2.406,2.8781,13.418,0.306328,19.408,3.9641566286296e-12,3.95013535857349e-12,1.12543677045308e-13,0.114458854261443,0.00014270694376714,0.00236744053875083,0.698973535489908,0.0153232295611628,0.999999999999999,/home/mariujf/n_sweep/isolated_experiment2/results_magnet_n_sweep/generated_code/reduced_n0016_rep03,"",ok,37397357,680118,676226
reduced_n0020_rep01,reduced,20,1,1,20-May-2026 13:52:41,20-May-2026 13:58:14,10,10,0.05,0.005,2000,2000,5,1,0.05,0.195625,0.07397,0.564394817323794,15.664911,155.753481,153.204152,308.957748,332.536796,1693876514,0.0301191833390181,2000,0,0,0,0,1,1,3.104197,3.019,3.6095,6.063,3.129002,3.032,3.65805,20.298,0.378276,18.863,3.95612422711735e-12,3.94890371710287e-12,2.98763167777365e-13,0.114468127557042,0.000142716246715109,0.00236739319871591,0.699021999088922,0.0153295185107346,0.999999999999999,/home/mariujf/n_sweep/isolated_experiment2/results_magnet_n_sweep/generated_code/reduced_n0020_rep01,"",ok,49127202,849156,845264
reduced_n0020_rep02,reduced,20,2,1,20-May-2026 13:58:14,20-May-2026 14:03:47,10,10,0.05,0.005,2000,2000,5,1,0.05,0.200339,0.08051,0.564394817323794,15.850044,155.017781,153.529286,308.54718,332.202157,1743003716,0.0301191833390181,2000,0,0,0,0,1,1,3.0532615,2.936,3.78625,5.951,3.0766,2.949,3.85215,15.251,0.375573,17.151,3.95612422711735e-12,3.94890371710287e-12,2.98763167777365e-13,0.114468127557042,0.000142716246715109,0.00236739319871591,0.699021999088922,0.0153295185107346,0.999999999999999,/home/mariujf/n_sweep/isolated_experiment2/results_magnet_n_sweep/generated_code/reduced_n0020_rep02,"",ok,49127202,849156,845264
reduced_n0020_rep03,reduced,20,3,1,20-May-2026 14:03:47,20-May-2026 14:09:17,10,10,0.05,0.005,2000,2000,5,1,0.05,0.191117,0.07438,0.564394817323794,15.624367,154.181509,151.116179,305.297844,328.924805,1792130918,0.0301191833390181,2000,0,0,0,0,1,1,3.1257485,3.006,3.883,7.016,3.154574,3.019,3.9442,24.974,0.3905,17.808,3.95612422711735e-12,3.94890371710287e-12,2.98763167777365e-13,0.114468127557042,0.000142716246715109,0.00236739319871591,0.699021999088922,0.0153295185107346,0.999999999999999,/home/mariujf/n_sweep/isolated_experiment2/results_magnet_n_sweep/generated_code/reduced_n0020_rep03,"",ok,49127202,849156,845264
reduced_n0030_rep01,reduced,30,1,1,20-May-2026 14:09:17,20-May-2026 14:20:21,10,10,0.05,0.005,2000,2000,5,1,0.05,0.19901,0.096466,0.564394803908671,15.55395,318.802452,317.194776,635.997348,663.058535,1865709944,0.0301191786658315,2000,0,0,0,0,1,1,4.612421,4.436,5.4532,17.501,4.6386945,4.4515,5.5107,28.897,0.6359625,18.359,3.95794160103756e-12,3.94892799034009e-12,1.15402088133541e-13,0.11446783427314,0.000142715976988689,0.00236739508842053,0.699020556187065,0.0153293208969891,0.999999999999999,/home/mariujf/n_sweep/isolated_experiment2/results_magnet_n_sweep/generated_code/reduced_n0030_rep01,"",ok,73579026,1274330,1270438
reduced_n0030_rep02,reduced,30,2,1,20-May-2026 14:20:21,20-May-2026 14:31:27,10,10,0.05,0.005,2000,2000,5,1,0.05,0.19342,0.104071,0.564394803908671,15.959203,319.975007,316.963521,636.938641,664.826636,1939288970,0.0301191786658315,2000,0,0,0,0,1,1,4.764368,4.582,5.71925,17.742,4.792152,4.598,5.76605,32.069,0.678571,19.199,3.95794160103756e-12,3.94892799034009e-12,1.15402088133541e-13,0.11446783427314,0.000142715976988689,0.00236739508842053,0.699020556187065,0.0153293208969891,0.999999999999999,/home/mariujf/n_sweep/isolated_experiment2/results_magnet_n_sweep/generated_code/reduced_n0030_rep02,"",ok,73579026,1274330,1270438
reduced_n0030_rep03,reduced,30,3,1,20-May-2026 14:31:27,20-May-2026 14:42:33,10,10,0.05,0.005,2000,2000,5,1,0.05,0.202225,0.128137,0.564394803908671,15.824363,318.24582,319.623701,637.869633,665.313378,2012867996,0.0301191786658315,2000,0,0,0,0,1,1,4.6090885,4.447,5.4946,12.042,4.634847,4.4615,5.5616,17.412,0.6755905,19.659,3.95794160103756e-12,3.94892799034009e-12,1.15402088133541e-13,0.11446783427314,0.000142715976988689,0.00236739508842053,0.699020556187065,0.0153293208969891,0.999999999999999,/home/mariujf/n_sweep/isolated_experiment2/results_magnet_n_sweep/generated_code/reduced_n0030_rep03,"",ok,73579026,1274330,1270438
reduced_n0040_rep01,reduced,40,1,1,20-May-2026 14:42:33,20-May-2026 15:01:38,10,10,0.05,0.005,2000,2000,5,1,0.05,0.206173,0.119277,0.564394806949419,15.281757,554.492274,557.627778,1112.120483,1143.50953,2110978640,0.0301191786658315,2000,0,0,0,0,1,1,6.3440005,6.064,7.5321,25.455,6.402269,6.083,7.7432,41.825,1.0885635,37.263,3.95240564725887e-12,3.94892452292447e-12,1.43776715092301e-13,0.114467833060352,0.000142715975660607,0.00236739508342832,0.699020556358806,0.0153293203759286,0.999999999999999,/home/mariujf/n_sweep/isolated_experiment2/results_magnet_n_sweep/generated_code/reduced_n0040_rep01,"",ok,98110644,1698100,1694208
reduced_n0040_rep02,reduced,40,2,1,20-May-2026 15:01:39,20-May-2026 15:20:39,10,10,0.05,0.005,2000,2000,5,1,0.05,0.231219,0.144062,0.564394806949419,16.086524,553.630415,552.730397,1106.360938,1138.605441,2209089284,0.0301191786658315,2000,0,0,0,0,1,1,6.430124,6.146,7.73525,22.584,6.4606275,6.165,7.8073,34.725,1.046561,22.048,3.95240564725887e-12,3.94892452292447e-12,1.43776715092301e-13,0.114467833060352,0.000142715975660607,0.00236739508342832,0.699020556358806,0.0153293203759286,0.999999999999999,/home/mariujf/n_sweep/isolated_experiment2/results_magnet_n_sweep/generated_code/reduced_n0040_rep02,"",ok,98110644,1698100,1694208
reduced_n0040_rep03,reduced,40,3,1,20-May-2026 15:20:39,20-May-2026 15:39:46,10,10,0.05,0.005,2000,2000,5,1,0.05,0.209724,0.128062,0.564394806949419,15.449552,556.08503,558.48319,1114.568335,1145.838068,2307199928,0.0301191786658315,2000,0,0,0,0,1,1,6.221592,5.984,7.3368,20.953,6.251432,6.002,7.3942,22.783,1.10409,25.693,3.95240564725887e-12,3.94892452292447e-12,1.43776715092301e-13,0.114467833060352,0.000142715975660607,0.00236739508342832,0.699020556358806,0.0153293203759286,0.999999999999999,/home/mariujf/n_sweep/isolated_experiment2/results_magnet_n_sweep/generated_code/reduced_n0040_rep03,"",ok,98110644,1698100,1694208
reduced_n0060_rep01,reduced,60,1,0,NaT,20-May-2026 15:43:10,NaN,NaN,NaN,NaN,NaN,NaN,NaN,0,NaN,NaN,NaN,NaN,NaN,NaN,NaN,NaN,NaN,NaN,NaN,NaN,NaN,NaN,NaN,0,NaN,NaN,NaN,NaN,NaN,NaN,NaN,NaN,NaN,NaN,NaN,NaN,NaN,NaN,NaN,NaN,NaN,NaN,NaN,NaN,NaN,,"Error using AcadosOcpSolver/compile_ocp_shared_lib (line 839)
Building templated code as shared library failed.
Got status 2, result: cc -fPIC -std=c99   -O2 -I/home/mariujf/acados/include -I/home/mariujf/acados/include/acados -I/home/mariujf/acados/include/blasfeo/include
-I/home/mariujf/acados/include/hpipm/include  -c -o maglev_nmpc_reduced_reduced_n0060_rep01_cost/maglev_nmpc_reduced_reduced_n0060_rep01_cost_y_0_fun.o
maglev_nmpc_reduced_reduced_n0060_rep01_cost/maglev_nmpc_reduced_reduced_n0060_rep01_cost_y_0_fun.c
cc -fPIC -std=c99   -O2 -I/home/mariujf/acados/include -I/home/mariujf/acados/include/acados -I/home/mariujf/acados/include/blasfeo/include -I/home/mariujf/acados/include/hpipm/include  -c -o
maglev_nmpc_reduced_reduced_n0060_rep01_cost/maglev_nmpc_reduced_reduced_n0060_rep01_cost_y_0_fun_jac_ut_xt.o
maglev_nmpc_reduced_reduced_n0060_rep01_cost/maglev_nmpc_reduced_reduced_n0060_rep01_cost_y_0_fun_jac_ut_xt.c
cc -fPIC -std=c99   -O2 -I/home/mariujf/acados/include -I/home/mariujf/acados/include/acados -I/home/mariujf/acados/include/blasfeo/include -I/home/mariujf/acados/include/hpipm/include  -c -o
maglev_nmpc_reduced_reduced_n0060_rep01_cost/maglev_nmpc_reduced_reduced_n0060_rep01_cost_y_fun.o maglev_nmpc_reduced_reduced_n0060_rep01_cost/maglev_nmpc_reduced_reduced_n0060_rep01_cost_y_fun.c
cc -fPIC -std=c99   -O2 -I/home/mariujf/acados/include -I/home/mariujf/acados/include/acados -I/home/mariujf/acados/include/blasfeo/include -I/home/mariujf/acados/include/hpipm/include  -c -o
maglev_nmpc_reduced_reduced_n0060_rep01_cost/maglev_nmpc_reduced_reduced_n0060_rep01_cost_y_fun_jac_ut_xt.o
maglev_nmpc_reduced_reduced_n0060_rep01_cost/maglev_nmpc_reduced_reduced_n0060_rep01_cost_y_fun_jac_ut_xt.c
cc -fPIC -std=c99   -O2 -I/home/mariujf/acados/include -I/home/mariujf/acados/include/acados -I/home/mariujf/acados/include/blasfeo/include -I/home/mariujf/acados/include/hpipm/include  -c -o
maglev_nmpc_reduced_reduced_n0060_rep01_cost/maglev_nmpc_reduced_reduced_n0060_rep01_cost_y_e_fun.o
maglev_nmpc_reduced_reduced_n0060_rep01_cost/maglev_nmpc_reduced_reduced_n0060_rep01_cost_y_e_fun.c
cc -fPIC -std=c99   -O2 -I/home/mariujf/acados/include -I/home/mariujf/acados/include/acados -I/home/mariujf/acados/include/blasfeo/include -I/home/mariujf/acados/include/hpipm/include  -c -o
maglev_nmpc_reduced_reduced_n0060_rep01_cost/maglev_nmpc_reduced_reduced_n0060_rep01_cost_y_e_fun_jac_ut_xt.o
maglev_nmpc_reduced_reduced_n0060_rep01_cost/maglev_nmpc_reduced_reduced_n0060_rep01_cost_y_e_fun_jac_ut_xt.c
cc -fPIC -std=c99   -O2 -I/home/mariujf/acados/include -I/home/mariujf/acados/include/acados -I/home/mariujf/acados/include/blasfeo/include -I/home/mariujf/acados/include/hpipm/include  -c -o
acados_solver_maglev_nmpc_reduced_reduced_n0060_rep01.o acados_solver_maglev_nmpc_reduced_reduced_n0060_rep01.c
cc -fPIC -std=c99   -O2 -I/home/mariujf/acados/include -I/home/mariujf/acados/include/acados -I/home/mariujf/acados/include/blasfeo/include -I/home/mariujf/acados/include/hpipm/include  -c -o
maglev_nmpc_reduced_reduced_n0060_rep01_model/maglev_nmpc_reduced_reduced_n0060_rep01_impl_dae_fun.o
maglev_nmpc_reduced_reduced_n0060_rep01_model/maglev_nmpc_reduced_reduced_n0060_rep01_impl_dae_fun.c
cc -fPIC -std=c99   -O2 -I/home/mariujf/acados/include -I/home/mariujf/acados/include/acados -I/home/mariujf/acados/include/blasfeo/include -I/home/mariujf/acados/include/hpipm/include  -c -o
maglev_nmpc_reduced_reduced_n0060_rep01_model/maglev_nmpc_reduced_reduced_n0060_rep01_impl_dae_fun_jac_x_xdot_z.o
maglev_nmpc_reduced_reduced_n0060_rep01_model/maglev_nmpc_reduced_reduced_n0060_rep01_impl_dae_fun_jac_x_xdot_z.c
cc: fatal error: Killed signal terminated program cc1
compilation terminated.
make: *** [<builtin>: maglev_nmpc_reduced_reduced_n0060_rep01_model/maglev_nmpc_reduced_reduced_n0060_rep01_impl_dae_fun_jac_x_xdot_z.o] Error 1


Error in AcadosOcpSolver (line 162)
                obj.compile_ocp_shared_lib(code_export_directory);
                ^^^^^^^^^^^^^^^^^^^^^^^^^^^^^^^^^^^^^^^^^^^^^^^^^
Error in run_magnet_n_sweep>runSingleCase (line 224)
    ocp_solver = AcadosOcpSolver(setup.ocp);
                 ^^^^^^^^^^^^^^^^^^^^^^^^^^
Error in run_magnet_n_sweep (line 83)
                result = runSingleCase(cfg, variant, magnet_n, rep, run_id);
                         ^^^^^^^^^^^^^^^^^^^^^^^^^^^^^^^^^^^^^^^^^^^^^^^^^^",compiler_killed,0,0,0
reduced_n0060_rep02,reduced,60,2,0,NaT,20-May-2026 15:46:35,NaN,NaN,NaN,NaN,NaN,NaN,NaN,0,NaN,NaN,NaN,NaN,NaN,NaN,NaN,NaN,NaN,NaN,NaN,NaN,NaN,NaN,NaN,0,NaN,NaN,NaN,NaN,NaN,NaN,NaN,NaN,NaN,NaN,NaN,NaN,NaN,NaN,NaN,NaN,NaN,NaN,NaN,NaN,NaN,,"Error using AcadosOcpSolver/compile_ocp_shared_lib (line 839)
Building templated code as shared library failed.
Got status 2, result: cc -fPIC -std=c99   -O2 -I/home/mariujf/acados/include -I/home/mariujf/acados/include/acados -I/home/mariujf/acados/include/blasfeo/include
-I/home/mariujf/acados/include/hpipm/include  -c -o maglev_nmpc_reduced_reduced_n0060_rep02_cost/maglev_nmpc_reduced_reduced_n0060_rep02_cost_y_0_fun.o
maglev_nmpc_reduced_reduced_n0060_rep02_cost/maglev_nmpc_reduced_reduced_n0060_rep02_cost_y_0_fun.c
cc -fPIC -std=c99   -O2 -I/home/mariujf/acados/include -I/home/mariujf/acados/include/acados -I/home/mariujf/acados/include/blasfeo/include -I/home/mariujf/acados/include/hpipm/include  -c -o
maglev_nmpc_reduced_reduced_n0060_rep02_cost/maglev_nmpc_reduced_reduced_n0060_rep02_cost_y_0_fun_jac_ut_xt.o
maglev_nmpc_reduced_reduced_n0060_rep02_cost/maglev_nmpc_reduced_reduced_n0060_rep02_cost_y_0_fun_jac_ut_xt.c
cc -fPIC -std=c99   -O2 -I/home/mariujf/acados/include -I/home/mariujf/acados/include/acados -I/home/mariujf/acados/include/blasfeo/include -I/home/mariujf/acados/include/hpipm/include  -c -o
maglev_nmpc_reduced_reduced_n0060_rep02_cost/maglev_nmpc_reduced_reduced_n0060_rep02_cost_y_fun.o maglev_nmpc_reduced_reduced_n0060_rep02_cost/maglev_nmpc_reduced_reduced_n0060_rep02_cost_y_fun.c
cc -fPIC -std=c99   -O2 -I/home/mariujf/acados/include -I/home/mariujf/acados/include/acados -I/home/mariujf/acados/include/blasfeo/include -I/home/mariujf/acados/include/hpipm/include  -c -o
maglev_nmpc_reduced_reduced_n0060_rep02_cost/maglev_nmpc_reduced_reduced_n0060_rep02_cost_y_fun_jac_ut_xt.o
maglev_nmpc_reduced_reduced_n0060_rep02_cost/maglev_nmpc_reduced_reduced_n0060_rep02_cost_y_fun_jac_ut_xt.c
cc -fPIC -std=c99   -O2 -I/home/mariujf/acados/include -I/home/mariujf/acados/include/acados -I/home/mariujf/acados/include/blasfeo/include -I/home/mariujf/acados/include/hpipm/include  -c -o
maglev_nmpc_reduced_reduced_n0060_rep02_cost/maglev_nmpc_reduced_reduced_n0060_rep02_cost_y_e_fun.o
maglev_nmpc_reduced_reduced_n0060_rep02_cost/maglev_nmpc_reduced_reduced_n0060_rep02_cost_y_e_fun.c
cc -fPIC -std=c99   -O2 -I/home/mariujf/acados/include -I/home/mariujf/acados/include/acados -I/home/mariujf/acados/include/blasfeo/include -I/home/mariujf/acados/include/hpipm/include  -c -o
maglev_nmpc_reduced_reduced_n0060_rep02_cost/maglev_nmpc_reduced_reduced_n0060_rep02_cost_y_e_fun_jac_ut_xt.o
maglev_nmpc_reduced_reduced_n0060_rep02_cost/maglev_nmpc_reduced_reduced_n0060_rep02_cost_y_e_fun_jac_ut_xt.c
cc -fPIC -std=c99   -O2 -I/home/mariujf/acados/include -I/home/mariujf/acados/include/acados -I/home/mariujf/acados/include/blasfeo/include -I/home/mariujf/acados/include/hpipm/include  -c -o
acados_solver_maglev_nmpc_reduced_reduced_n0060_rep02.o acados_solver_maglev_nmpc_reduced_reduced_n0060_rep02.c
cc -fPIC -std=c99   -O2 -I/home/mariujf/acados/include -I/home/mariujf/acados/include/acados -I/home/mariujf/acados/include/blasfeo/include -I/home/mariujf/acados/include/hpipm/include  -c -o
maglev_nmpc_reduced_reduced_n0060_rep02_model/maglev_nmpc_reduced_reduced_n0060_rep02_impl_dae_fun.o
maglev_nmpc_reduced_reduced_n0060_rep02_model/maglev_nmpc_reduced_reduced_n0060_rep02_impl_dae_fun.c
cc -fPIC -std=c99   -O2 -I/home/mariujf/acados/include -I/home/mariujf/acados/include/acados -I/home/mariujf/acados/include/blasfeo/include -I/home/mariujf/acados/include/hpipm/include  -c -o
maglev_nmpc_reduced_reduced_n0060_rep02_model/maglev_nmpc_reduced_reduced_n0060_rep02_impl_dae_fun_jac_x_xdot_z.o
maglev_nmpc_reduced_reduced_n0060_rep02_model/maglev_nmpc_reduced_reduced_n0060_rep02_impl_dae_fun_jac_x_xdot_z.c
cc: fatal error: Killed signal terminated program cc1
compilation terminated.
make: *** [<builtin>: maglev_nmpc_reduced_reduced_n0060_rep02_model/maglev_nmpc_reduced_reduced_n0060_rep02_impl_dae_fun_jac_x_xdot_z.o] Error 1


Error in AcadosOcpSolver (line 162)
                obj.compile_ocp_shared_lib(code_export_directory);
                ^^^^^^^^^^^^^^^^^^^^^^^^^^^^^^^^^^^^^^^^^^^^^^^^^
Error in run_magnet_n_sweep>runSingleCase (line 224)
    ocp_solver = AcadosOcpSolver(setup.ocp);
                 ^^^^^^^^^^^^^^^^^^^^^^^^^^
Error in run_magnet_n_sweep (line 83)
                result = runSingleCase(cfg, variant, magnet_n, rep, run_id);
                         ^^^^^^^^^^^^^^^^^^^^^^^^^^^^^^^^^^^^^^^^^^^^^^^^^^",compiler_killed,0,0,0
reduced_n0060_rep03,reduced,60,3,0,NaT,20-May-2026 15:49:51,NaN,NaN,NaN,NaN,NaN,NaN,NaN,0,NaN,NaN,NaN,NaN,NaN,NaN,NaN,NaN,NaN,NaN,NaN,NaN,NaN,NaN,NaN,0,NaN,NaN,NaN,NaN,NaN,NaN,NaN,NaN,NaN,NaN,NaN,NaN,NaN,NaN,NaN,NaN,NaN,NaN,NaN,NaN,NaN,,"Error using AcadosOcpSolver/compile_ocp_shared_lib (line 839)
Building templated code as shared library failed.
Got status 2, result: cc -fPIC -std=c99   -O2 -I/home/mariujf/acados/include -I/home/mariujf/acados/include/acados -I/home/mariujf/acados/include/blasfeo/include
-I/home/mariujf/acados/include/hpipm/include  -c -o maglev_nmpc_reduced_reduced_n0060_rep03_cost/maglev_nmpc_reduced_reduced_n0060_rep03_cost_y_0_fun.o
maglev_nmpc_reduced_reduced_n0060_rep03_cost/maglev_nmpc_reduced_reduced_n0060_rep03_cost_y_0_fun.c
cc -fPIC -std=c99   -O2 -I/home/mariujf/acados/include -I/home/mariujf/acados/include/acados -I/home/mariujf/acados/include/blasfeo/include -I/home/mariujf/acados/include/hpipm/include  -c -o
maglev_nmpc_reduced_reduced_n0060_rep03_cost/maglev_nmpc_reduced_reduced_n0060_rep03_cost_y_0_fun_jac_ut_xt.o
maglev_nmpc_reduced_reduced_n0060_rep03_cost/maglev_nmpc_reduced_reduced_n0060_rep03_cost_y_0_fun_jac_ut_xt.c
cc -fPIC -std=c99   -O2 -I/home/mariujf/acados/include -I/home/mariujf/acados/include/acados -I/home/mariujf/acados/include/blasfeo/include -I/home/mariujf/acados/include/hpipm/include  -c -o
maglev_nmpc_reduced_reduced_n0060_rep03_cost/maglev_nmpc_reduced_reduced_n0060_rep03_cost_y_fun.o maglev_nmpc_reduced_reduced_n0060_rep03_cost/maglev_nmpc_reduced_reduced_n0060_rep03_cost_y_fun.c
cc -fPIC -std=c99   -O2 -I/home/mariujf/acados/include -I/home/mariujf/acados/include/acados -I/home/mariujf/acados/include/blasfeo/include -I/home/mariujf/acados/include/hpipm/include  -c -o
maglev_nmpc_reduced_reduced_n0060_rep03_cost/maglev_nmpc_reduced_reduced_n0060_rep03_cost_y_fun_jac_ut_xt.o
maglev_nmpc_reduced_reduced_n0060_rep03_cost/maglev_nmpc_reduced_reduced_n0060_rep03_cost_y_fun_jac_ut_xt.c
cc -fPIC -std=c99   -O2 -I/home/mariujf/acados/include -I/home/mariujf/acados/include/acados -I/home/mariujf/acados/include/blasfeo/include -I/home/mariujf/acados/include/hpipm/include  -c -o
maglev_nmpc_reduced_reduced_n0060_rep03_cost/maglev_nmpc_reduced_reduced_n0060_rep03_cost_y_e_fun.o
maglev_nmpc_reduced_reduced_n0060_rep03_cost/maglev_nmpc_reduced_reduced_n0060_rep03_cost_y_e_fun.c
cc -fPIC -std=c99   -O2 -I/home/mariujf/acados/include -I/home/mariujf/acados/include/acados -I/home/mariujf/acados/include/blasfeo/include -I/home/mariujf/acados/include/hpipm/include  -c -o
maglev_nmpc_reduced_reduced_n0060_rep03_cost/maglev_nmpc_reduced_reduced_n0060_rep03_cost_y_e_fun_jac_ut_xt.o
maglev_nmpc_reduced_reduced_n0060_rep03_cost/maglev_nmpc_reduced_reduced_n0060_rep03_cost_y_e_fun_jac_ut_xt.c
cc -fPIC -std=c99   -O2 -I/home/mariujf/acados/include -I/home/mariujf/acados/include/acados -I/home/mariujf/acados/include/blasfeo/include -I/home/mariujf/acados/include/hpipm/include  -c -o
acados_solver_maglev_nmpc_reduced_reduced_n0060_rep03.o acados_solver_maglev_nmpc_reduced_reduced_n0060_rep03.c
cc -fPIC -std=c99   -O2 -I/home/mariujf/acados/include -I/home/mariujf/acados/include/acados -I/home/mariujf/acados/include/blasfeo/include -I/home/mariujf/acados/include/hpipm/include  -c -o
maglev_nmpc_reduced_reduced_n0060_rep03_model/maglev_nmpc_reduced_reduced_n0060_rep03_impl_dae_fun.o
maglev_nmpc_reduced_reduced_n0060_rep03_model/maglev_nmpc_reduced_reduced_n0060_rep03_impl_dae_fun.c
cc -fPIC -std=c99   -O2 -I/home/mariujf/acados/include -I/home/mariujf/acados/include/acados -I/home/mariujf/acados/include/blasfeo/include -I/home/mariujf/acados/include/hpipm/include  -c -o
maglev_nmpc_reduced_reduced_n0060_rep03_model/maglev_nmpc_reduced_reduced_n0060_rep03_impl_dae_fun_jac_x_xdot_z.o
maglev_nmpc_reduced_reduced_n0060_rep03_model/maglev_nmpc_reduced_reduced_n0060_rep03_impl_dae_fun_jac_x_xdot_z.c
cc: fatal error: Killed signal terminated program cc1
compilation terminated.
make: *** [<builtin>: maglev_nmpc_reduced_reduced_n0060_rep03_model/maglev_nmpc_reduced_reduced_n0060_rep03_impl_dae_fun_jac_x_xdot_z.o] Error 1


Error in AcadosOcpSolver (line 162)
                obj.compile_ocp_shared_lib(code_export_directory);
                ^^^^^^^^^^^^^^^^^^^^^^^^^^^^^^^^^^^^^^^^^^^^^^^^^
Error in run_magnet_n_sweep>runSingleCase (line 224)
    ocp_solver = AcadosOcpSolver(setup.ocp);
                 ^^^^^^^^^^^^^^^^^^^^^^^^^^
Error in run_magnet_n_sweep (line 83)
                result = runSingleCase(cfg, variant, magnet_n, rep, run_id);
                         ^^^^^^^^^^^^^^^^^^^^^^^^^^^^^^^^^^^^^^^^^^^^^^^^^^",compiler_killed,0,0,0
reduced_n0080_rep01,reduced,80,1,0,NaT,20-May-2026 15:54:02,NaN,NaN,NaN,NaN,NaN,NaN,NaN,0,NaN,NaN,NaN,NaN,NaN,NaN,NaN,NaN,NaN,NaN,NaN,NaN,NaN,NaN,NaN,0,NaN,NaN,NaN,NaN,NaN,NaN,NaN,NaN,NaN,NaN,NaN,NaN,NaN,NaN,NaN,NaN,NaN,NaN,NaN,NaN,NaN,,"Error using AcadosOcpSolver/compile_ocp_shared_lib (line 839)
Building templated code as shared library failed.
Got status 2, result: cc -fPIC -std=c99   -O2 -I/home/mariujf/acados/include -I/home/mariujf/acados/include/acados -I/home/mariujf/acados/include/blasfeo/include
-I/home/mariujf/acados/include/hpipm/include  -c -o maglev_nmpc_reduced_reduced_n0080_rep01_cost/maglev_nmpc_reduced_reduced_n0080_rep01_cost_y_0_fun.o
maglev_nmpc_reduced_reduced_n0080_rep01_cost/maglev_nmpc_reduced_reduced_n0080_rep01_cost_y_0_fun.c
cc -fPIC -std=c99   -O2 -I/home/mariujf/acados/include -I/home/mariujf/acados/include/acados -I/home/mariujf/acados/include/blasfeo/include -I/home/mariujf/acados/include/hpipm/include  -c -o
maglev_nmpc_reduced_reduced_n0080_rep01_cost/maglev_nmpc_reduced_reduced_n0080_rep01_cost_y_0_fun_jac_ut_xt.o
maglev_nmpc_reduced_reduced_n0080_rep01_cost/maglev_nmpc_reduced_reduced_n0080_rep01_cost_y_0_fun_jac_ut_xt.c
cc -fPIC -std=c99   -O2 -I/home/mariujf/acados/include -I/home/mariujf/acados/include/acados -I/home/mariujf/acados/include/blasfeo/include -I/home/mariujf/acados/include/hpipm/include  -c -o
maglev_nmpc_reduced_reduced_n0080_rep01_cost/maglev_nmpc_reduced_reduced_n0080_rep01_cost_y_fun.o maglev_nmpc_reduced_reduced_n0080_rep01_cost/maglev_nmpc_reduced_reduced_n0080_rep01_cost_y_fun.c
cc -fPIC -std=c99   -O2 -I/home/mariujf/acados/include -I/home/mariujf/acados/include/acados -I/home/mariujf/acados/include/blasfeo/include -I/home/mariujf/acados/include/hpipm/include  -c -o
maglev_nmpc_reduced_reduced_n0080_rep01_cost/maglev_nmpc_reduced_reduced_n0080_rep01_cost_y_fun_jac_ut_xt.o
maglev_nmpc_reduced_reduced_n0080_rep01_cost/maglev_nmpc_reduced_reduced_n0080_rep01_cost_y_fun_jac_ut_xt.c
cc -fPIC -std=c99   -O2 -I/home/mariujf/acados/include -I/home/mariujf/acados/include/acados -I/home/mariujf/acados/include/blasfeo/include -I/home/mariujf/acados/include/hpipm/include  -c -o
maglev_nmpc_reduced_reduced_n0080_rep01_cost/maglev_nmpc_reduced_reduced_n0080_rep01_cost_y_e_fun.o
maglev_nmpc_reduced_reduced_n0080_rep01_cost/maglev_nmpc_reduced_reduced_n0080_rep01_cost_y_e_fun.c
cc -fPIC -std=c99   -O2 -I/home/mariujf/acados/include -I/home/mariujf/acados/include/acados -I/home/mariujf/acados/include/blasfeo/include -I/home/mariujf/acados/include/hpipm/include  -c -o
maglev_nmpc_reduced_reduced_n0080_rep01_cost/maglev_nmpc_reduced_reduced_n0080_rep01_cost_y_e_fun_jac_ut_xt.o
maglev_nmpc_reduced_reduced_n0080_rep01_cost/maglev_nmpc_reduced_reduced_n0080_rep01_cost_y_e_fun_jac_ut_xt.c
cc -fPIC -std=c99   -O2 -I/home/mariujf/acados/include -I/home/mariujf/acados/include/acados -I/home/mariujf/acados/include/blasfeo/include -I/home/mariujf/acados/include/hpipm/include  -c -o
acados_solver_maglev_nmpc_reduced_reduced_n0080_rep01.o acados_solver_maglev_nmpc_reduced_reduced_n0080_rep01.c
cc -fPIC -std=c99   -O2 -I/home/mariujf/acados/include -I/home/mariujf/acados/include/acados -I/home/mariujf/acados/include/blasfeo/include -I/home/mariujf/acados/include/hpipm/include  -c -o
maglev_nmpc_reduced_reduced_n0080_rep01_model/maglev_nmpc_reduced_reduced_n0080_rep01_impl_dae_fun.o
maglev_nmpc_reduced_reduced_n0080_rep01_model/maglev_nmpc_reduced_reduced_n0080_rep01_impl_dae_fun.c
cc -fPIC -std=c99   -O2 -I/home/mariujf/acados/include -I/home/mariujf/acados/include/acados -I/home/mariujf/acados/include/blasfeo/include -I/home/mariujf/acados/include/hpipm/include  -c -o
maglev_nmpc_reduced_reduced_n0080_rep01_model/maglev_nmpc_reduced_reduced_n0080_rep01_impl_dae_fun_jac_x_xdot_z.o
maglev_nmpc_reduced_reduced_n0080_rep01_model/maglev_nmpc_reduced_reduced_n0080_rep01_impl_dae_fun_jac_x_xdot_z.c
cc: fatal error: Killed signal terminated program cc1
compilation terminated.
make: *** [<builtin>: maglev_nmpc_reduced_reduced_n0080_rep01_model/maglev_nmpc_reduced_reduced_n0080_rep01_impl_dae_fun_jac_x_xdot_z.o] Error 1


Error in AcadosOcpSolver (line 162)
                obj.compile_ocp_shared_lib(code_export_directory);
                ^^^^^^^^^^^^^^^^^^^^^^^^^^^^^^^^^^^^^^^^^^^^^^^^^
Error in run_magnet_n_sweep>runSingleCase (line 224)
    ocp_solver = AcadosOcpSolver(setup.ocp);
                 ^^^^^^^^^^^^^^^^^^^^^^^^^^
Error in run_magnet_n_sweep (line 83)
                result = runSingleCase(cfg, variant, magnet_n, rep, run_id);
                         ^^^^^^^^^^^^^^^^^^^^^^^^^^^^^^^^^^^^^^^^^^^^^^^^^^",compiler_killed,0,0,0
reduced_n0080_rep02,reduced,80,2,0,NaT,20-May-2026 15:58:23,NaN,NaN,NaN,NaN,NaN,NaN,NaN,0,NaN,NaN,NaN,NaN,NaN,NaN,NaN,NaN,NaN,NaN,NaN,NaN,NaN,NaN,NaN,0,NaN,NaN,NaN,NaN,NaN,NaN,NaN,NaN,NaN,NaN,NaN,NaN,NaN,NaN,NaN,NaN,NaN,NaN,NaN,NaN,NaN,,"Error using AcadosOcpSolver/compile_ocp_shared_lib (line 839)
Building templated code as shared library failed.
Got status 2, result: cc -fPIC -std=c99   -O2 -I/home/mariujf/acados/include -I/home/mariujf/acados/include/acados -I/home/mariujf/acados/include/blasfeo/include
-I/home/mariujf/acados/include/hpipm/include  -c -o maglev_nmpc_reduced_reduced_n0080_rep02_cost/maglev_nmpc_reduced_reduced_n0080_rep02_cost_y_0_fun.o
maglev_nmpc_reduced_reduced_n0080_rep02_cost/maglev_nmpc_reduced_reduced_n0080_rep02_cost_y_0_fun.c
cc -fPIC -std=c99   -O2 -I/home/mariujf/acados/include -I/home/mariujf/acados/include/acados -I/home/mariujf/acados/include/blasfeo/include -I/home/mariujf/acados/include/hpipm/include  -c -o
maglev_nmpc_reduced_reduced_n0080_rep02_cost/maglev_nmpc_reduced_reduced_n0080_rep02_cost_y_0_fun_jac_ut_xt.o
maglev_nmpc_reduced_reduced_n0080_rep02_cost/maglev_nmpc_reduced_reduced_n0080_rep02_cost_y_0_fun_jac_ut_xt.c
cc -fPIC -std=c99   -O2 -I/home/mariujf/acados/include -I/home/mariujf/acados/include/acados -I/home/mariujf/acados/include/blasfeo/include -I/home/mariujf/acados/include/hpipm/include  -c -o
maglev_nmpc_reduced_reduced_n0080_rep02_cost/maglev_nmpc_reduced_reduced_n0080_rep02_cost_y_fun.o maglev_nmpc_reduced_reduced_n0080_rep02_cost/maglev_nmpc_reduced_reduced_n0080_rep02_cost_y_fun.c
cc -fPIC -std=c99   -O2 -I/home/mariujf/acados/include -I/home/mariujf/acados/include/acados -I/home/mariujf/acados/include/blasfeo/include -I/home/mariujf/acados/include/hpipm/include  -c -o
maglev_nmpc_reduced_reduced_n0080_rep02_cost/maglev_nmpc_reduced_reduced_n0080_rep02_cost_y_fun_jac_ut_xt.o
maglev_nmpc_reduced_reduced_n0080_rep02_cost/maglev_nmpc_reduced_reduced_n0080_rep02_cost_y_fun_jac_ut_xt.c
cc -fPIC -std=c99   -O2 -I/home/mariujf/acados/include -I/home/mariujf/acados/include/acados -I/home/mariujf/acados/include/blasfeo/include -I/home/mariujf/acados/include/hpipm/include  -c -o
maglev_nmpc_reduced_reduced_n0080_rep02_cost/maglev_nmpc_reduced_reduced_n0080_rep02_cost_y_e_fun.o
maglev_nmpc_reduced_reduced_n0080_rep02_cost/maglev_nmpc_reduced_reduced_n0080_rep02_cost_y_e_fun.c
cc -fPIC -std=c99   -O2 -I/home/mariujf/acados/include -I/home/mariujf/acados/include/acados -I/home/mariujf/acados/include/blasfeo/include -I/home/mariujf/acados/include/hpipm/include  -c -o
maglev_nmpc_reduced_reduced_n0080_rep02_cost/maglev_nmpc_reduced_reduced_n0080_rep02_cost_y_e_fun_jac_ut_xt.o
maglev_nmpc_reduced_reduced_n0080_rep02_cost/maglev_nmpc_reduced_reduced_n0080_rep02_cost_y_e_fun_jac_ut_xt.c
cc -fPIC -std=c99   -O2 -I/home/mariujf/acados/include -I/home/mariujf/acados/include/acados -I/home/mariujf/acados/include/blasfeo/include -I/home/mariujf/acados/include/hpipm/include  -c -o
acados_solver_maglev_nmpc_reduced_reduced_n0080_rep02.o acados_solver_maglev_nmpc_reduced_reduced_n0080_rep02.c
cc -fPIC -std=c99   -O2 -I/home/mariujf/acados/include -I/home/mariujf/acados/include/acados -I/home/mariujf/acados/include/blasfeo/include -I/home/mariujf/acados/include/hpipm/include  -c -o
maglev_nmpc_reduced_reduced_n0080_rep02_model/maglev_nmpc_reduced_reduced_n0080_rep02_impl_dae_fun.o
maglev_nmpc_reduced_reduced_n0080_rep02_model/maglev_nmpc_reduced_reduced_n0080_rep02_impl_dae_fun.c
cc -fPIC -std=c99   -O2 -I/home/mariujf/acados/include -I/home/mariujf/acados/include/acados -I/home/mariujf/acados/include/blasfeo/include -I/home/mariujf/acados/include/hpipm/include  -c -o
maglev_nmpc_reduced_reduced_n0080_rep02_model/maglev_nmpc_reduced_reduced_n0080_rep02_impl_dae_fun_jac_x_xdot_z.o
maglev_nmpc_reduced_reduced_n0080_rep02_model/maglev_nmpc_reduced_reduced_n0080_rep02_impl_dae_fun_jac_x_xdot_z.c
cc: fatal error: Killed signal terminated program cc1
compilation terminated.
make: *** [<builtin>: maglev_nmpc_reduced_reduced_n0080_rep02_model/maglev_nmpc_reduced_reduced_n0080_rep02_impl_dae_fun_jac_x_xdot_z.o] Error 1


Error in AcadosOcpSolver (line 162)
                obj.compile_ocp_shared_lib(code_export_directory);
                ^^^^^^^^^^^^^^^^^^^^^^^^^^^^^^^^^^^^^^^^^^^^^^^^^
Error in run_magnet_n_sweep>runSingleCase (line 224)
    ocp_solver = AcadosOcpSolver(setup.ocp);
                 ^^^^^^^^^^^^^^^^^^^^^^^^^^
Error in run_magnet_n_sweep (line 83)
                result = runSingleCase(cfg, variant, magnet_n, rep, run_id);
                         ^^^^^^^^^^^^^^^^^^^^^^^^^^^^^^^^^^^^^^^^^^^^^^^^^^",compiler_killed,0,0,0
reduced_n0080_rep03,reduced,80,3,0,NaT,20-May-2026 16:02:54,NaN,NaN,NaN,NaN,NaN,NaN,NaN,0,NaN,NaN,NaN,NaN,NaN,NaN,NaN,NaN,NaN,NaN,NaN,NaN,NaN,NaN,NaN,0,NaN,NaN,NaN,NaN,NaN,NaN,NaN,NaN,NaN,NaN,NaN,NaN,NaN,NaN,NaN,NaN,NaN,NaN,NaN,NaN,NaN,,"Error using AcadosOcpSolver/compile_ocp_shared_lib (line 839)
Building templated code as shared library failed.
Got status 2, result: cc -fPIC -std=c99   -O2 -I/home/mariujf/acados/include -I/home/mariujf/acados/include/acados -I/home/mariujf/acados/include/blasfeo/include
-I/home/mariujf/acados/include/hpipm/include  -c -o maglev_nmpc_reduced_reduced_n0080_rep03_cost/maglev_nmpc_reduced_reduced_n0080_rep03_cost_y_0_fun.o
maglev_nmpc_reduced_reduced_n0080_rep03_cost/maglev_nmpc_reduced_reduced_n0080_rep03_cost_y_0_fun.c
cc -fPIC -std=c99   -O2 -I/home/mariujf/acados/include -I/home/mariujf/acados/include/acados -I/home/mariujf/acados/include/blasfeo/include -I/home/mariujf/acados/include/hpipm/include  -c -o
maglev_nmpc_reduced_reduced_n0080_rep03_cost/maglev_nmpc_reduced_reduced_n0080_rep03_cost_y_0_fun_jac_ut_xt.o
maglev_nmpc_reduced_reduced_n0080_rep03_cost/maglev_nmpc_reduced_reduced_n0080_rep03_cost_y_0_fun_jac_ut_xt.c
cc -fPIC -std=c99   -O2 -I/home/mariujf/acados/include -I/home/mariujf/acados/include/acados -I/home/mariujf/acados/include/blasfeo/include -I/home/mariujf/acados/include/hpipm/include  -c -o
maglev_nmpc_reduced_reduced_n0080_rep03_cost/maglev_nmpc_reduced_reduced_n0080_rep03_cost_y_fun.o maglev_nmpc_reduced_reduced_n0080_rep03_cost/maglev_nmpc_reduced_reduced_n0080_rep03_cost_y_fun.c
cc -fPIC -std=c99   -O2 -I/home/mariujf/acados/include -I/home/mariujf/acados/include/acados -I/home/mariujf/acados/include/blasfeo/include -I/home/mariujf/acados/include/hpipm/include  -c -o
maglev_nmpc_reduced_reduced_n0080_rep03_cost/maglev_nmpc_reduced_reduced_n0080_rep03_cost_y_fun_jac_ut_xt.o
maglev_nmpc_reduced_reduced_n0080_rep03_cost/maglev_nmpc_reduced_reduced_n0080_rep03_cost_y_fun_jac_ut_xt.c
cc -fPIC -std=c99   -O2 -I/home/mariujf/acados/include -I/home/mariujf/acados/include/acados -I/home/mariujf/acados/include/blasfeo/include -I/home/mariujf/acados/include/hpipm/include  -c -o
maglev_nmpc_reduced_reduced_n0080_rep03_cost/maglev_nmpc_reduced_reduced_n0080_rep03_cost_y_e_fun.o
maglev_nmpc_reduced_reduced_n0080_rep03_cost/maglev_nmpc_reduced_reduced_n0080_rep03_cost_y_e_fun.c
cc -fPIC -std=c99   -O2 -I/home/mariujf/acados/include -I/home/mariujf/acados/include/acados -I/home/mariujf/acados/include/blasfeo/include -I/home/mariujf/acados/include/hpipm/include  -c -o
maglev_nmpc_reduced_reduced_n0080_rep03_cost/maglev_nmpc_reduced_reduced_n0080_rep03_cost_y_e_fun_jac_ut_xt.o
maglev_nmpc_reduced_reduced_n0080_rep03_cost/maglev_nmpc_reduced_reduced_n0080_rep03_cost_y_e_fun_jac_ut_xt.c
cc -fPIC -std=c99   -O2 -I/home/mariujf/acados/include -I/home/mariujf/acados/include/acados -I/home/mariujf/acados/include/blasfeo/include -I/home/mariujf/acados/include/hpipm/include  -c -o
acados_solver_maglev_nmpc_reduced_reduced_n0080_rep03.o acados_solver_maglev_nmpc_reduced_reduced_n0080_rep03.c
cc -fPIC -std=c99   -O2 -I/home/mariujf/acados/include -I/home/mariujf/acados/include/acados -I/home/mariujf/acados/include/blasfeo/include -I/home/mariujf/acados/include/hpipm/include  -c -o
maglev_nmpc_reduced_reduced_n0080_rep03_model/maglev_nmpc_reduced_reduced_n0080_rep03_impl_dae_fun.o
maglev_nmpc_reduced_reduced_n0080_rep03_model/maglev_nmpc_reduced_reduced_n0080_rep03_impl_dae_fun.c
cc -fPIC -std=c99   -O2 -I/home/mariujf/acados/include -I/home/mariujf/acados/include/acados -I/home/mariujf/acados/include/blasfeo/include -I/home/mariujf/acados/include/hpipm/include  -c -o
maglev_nmpc_reduced_reduced_n0080_rep03_model/maglev_nmpc_reduced_reduced_n0080_rep03_impl_dae_fun_jac_x_xdot_z.o
maglev_nmpc_reduced_reduced_n0080_rep03_model/maglev_nmpc_reduced_reduced_n0080_rep03_impl_dae_fun_jac_x_xdot_z.c
cc: fatal error: Killed signal terminated program cc1
compilation terminated.
make: *** [<builtin>: maglev_nmpc_reduced_reduced_n0080_rep03_model/maglev_nmpc_reduced_reduced_n0080_rep03_impl_dae_fun_jac_x_xdot_z.o] Error 1


Error in AcadosOcpSolver (line 162)
                obj.compile_ocp_shared_lib(code_export_directory);
                ^^^^^^^^^^^^^^^^^^^^^^^^^^^^^^^^^^^^^^^^^^^^^^^^^
Error in run_magnet_n_sweep>runSingleCase (line 224)
    ocp_solver = AcadosOcpSolver(setup.ocp);
                 ^^^^^^^^^^^^^^^^^^^^^^^^^^
Error in run_magnet_n_sweep (line 83)
                result = runSingleCase(cfg, variant, magnet_n, rep, run_id);
                         ^^^^^^^^^^^^^^^^^^^^^^^^^^^^^^^^^^^^^^^^^^^^^^^^^^",compiler_killed,0,0,0
reduced_n0100_rep01,reduced,100,1,0,NaT,20-May-2026 16:09:20,NaN,NaN,NaN,NaN,NaN,NaN,NaN,0,NaN,NaN,NaN,NaN,NaN,NaN,NaN,NaN,NaN,NaN,NaN,NaN,NaN,NaN,NaN,0,NaN,NaN,NaN,NaN,NaN,NaN,NaN,NaN,NaN,NaN,NaN,NaN,NaN,NaN,NaN,NaN,NaN,NaN,NaN,NaN,NaN,,"Error using AcadosOcpSolver/compile_ocp_shared_lib (line 839)
Building templated code as shared library failed.
Got status 2, result: cc -fPIC -std=c99   -O2 -I/home/mariujf/acados/include -I/home/mariujf/acados/include/acados -I/home/mariujf/acados/include/blasfeo/include
-I/home/mariujf/acados/include/hpipm/include  -c -o maglev_nmpc_reduced_reduced_n0100_rep01_cost/maglev_nmpc_reduced_reduced_n0100_rep01_cost_y_0_fun.o
maglev_nmpc_reduced_reduced_n0100_rep01_cost/maglev_nmpc_reduced_reduced_n0100_rep01_cost_y_0_fun.c
cc -fPIC -std=c99   -O2 -I/home/mariujf/acados/include -I/home/mariujf/acados/include/acados -I/home/mariujf/acados/include/blasfeo/include -I/home/mariujf/acados/include/hpipm/include  -c -o
maglev_nmpc_reduced_reduced_n0100_rep01_cost/maglev_nmpc_reduced_reduced_n0100_rep01_cost_y_0_fun_jac_ut_xt.o
maglev_nmpc_reduced_reduced_n0100_rep01_cost/maglev_nmpc_reduced_reduced_n0100_rep01_cost_y_0_fun_jac_ut_xt.c
cc -fPIC -std=c99   -O2 -I/home/mariujf/acados/include -I/home/mariujf/acados/include/acados -I/home/mariujf/acados/include/blasfeo/include -I/home/mariujf/acados/include/hpipm/include  -c -o
maglev_nmpc_reduced_reduced_n0100_rep01_cost/maglev_nmpc_reduced_reduced_n0100_rep01_cost_y_fun.o maglev_nmpc_reduced_reduced_n0100_rep01_cost/maglev_nmpc_reduced_reduced_n0100_rep01_cost_y_fun.c
cc -fPIC -std=c99   -O2 -I/home/mariujf/acados/include -I/home/mariujf/acados/include/acados -I/home/mariujf/acados/include/blasfeo/include -I/home/mariujf/acados/include/hpipm/include  -c -o
maglev_nmpc_reduced_reduced_n0100_rep01_cost/maglev_nmpc_reduced_reduced_n0100_rep01_cost_y_fun_jac_ut_xt.o
maglev_nmpc_reduced_reduced_n0100_rep01_cost/maglev_nmpc_reduced_reduced_n0100_rep01_cost_y_fun_jac_ut_xt.c
cc -fPIC -std=c99   -O2 -I/home/mariujf/acados/include -I/home/mariujf/acados/include/acados -I/home/mariujf/acados/include/blasfeo/include -I/home/mariujf/acados/include/hpipm/include  -c -o
maglev_nmpc_reduced_reduced_n0100_rep01_cost/maglev_nmpc_reduced_reduced_n0100_rep01_cost_y_e_fun.o
maglev_nmpc_reduced_reduced_n0100_rep01_cost/maglev_nmpc_reduced_reduced_n0100_rep01_cost_y_e_fun.c
cc -fPIC -std=c99   -O2 -I/home/mariujf/acados/include -I/home/mariujf/acados/include/acados -I/home/mariujf/acados/include/blasfeo/include -I/home/mariujf/acados/include/hpipm/include  -c -o
maglev_nmpc_reduced_reduced_n0100_rep01_cost/maglev_nmpc_reduced_reduced_n0100_rep01_cost_y_e_fun_jac_ut_xt.o
maglev_nmpc_reduced_reduced_n0100_rep01_cost/maglev_nmpc_reduced_reduced_n0100_rep01_cost_y_e_fun_jac_ut_xt.c
cc -fPIC -std=c99   -O2 -I/home/mariujf/acados/include -I/home/mariujf/acados/include/acados -I/home/mariujf/acados/include/blasfeo/include -I/home/mariujf/acados/include/hpipm/include  -c -o
acados_solver_maglev_nmpc_reduced_reduced_n0100_rep01.o acados_solver_maglev_nmpc_reduced_reduced_n0100_rep01.c
cc -fPIC -std=c99   -O2 -I/home/mariujf/acados/include -I/home/mariujf/acados/include/acados -I/home/mariujf/acados/include/blasfeo/include -I/home/mariujf/acados/include/hpipm/include  -c -o
maglev_nmpc_reduced_reduced_n0100_rep01_model/maglev_nmpc_reduced_reduced_n0100_rep01_impl_dae_fun.o
maglev_nmpc_reduced_reduced_n0100_rep01_model/maglev_nmpc_reduced_reduced_n0100_rep01_impl_dae_fun.c
cc -fPIC -std=c99   -O2 -I/home/mariujf/acados/include -I/home/mariujf/acados/include/acados -I/home/mariujf/acados/include/blasfeo/include -I/home/mariujf/acados/include/hpipm/include  -c -o
maglev_nmpc_reduced_reduced_n0100_rep01_model/maglev_nmpc_reduced_reduced_n0100_rep01_impl_dae_fun_jac_x_xdot_z.o
maglev_nmpc_reduced_reduced_n0100_rep01_model/maglev_nmpc_reduced_reduced_n0100_rep01_impl_dae_fun_jac_x_xdot_z.c
cc: fatal error: Killed signal terminated program cc1
compilation terminated.
make: *** [<builtin>: maglev_nmpc_reduced_reduced_n0100_rep01_model/maglev_nmpc_reduced_reduced_n0100_rep01_impl_dae_fun_jac_x_xdot_z.o] Error 1


Error in AcadosOcpSolver (line 162)
                obj.compile_ocp_shared_lib(code_export_directory);
                ^^^^^^^^^^^^^^^^^^^^^^^^^^^^^^^^^^^^^^^^^^^^^^^^^
Error in run_magnet_n_sweep>runSingleCase (line 224)
    ocp_solver = AcadosOcpSolver(setup.ocp);
                 ^^^^^^^^^^^^^^^^^^^^^^^^^^
Error in run_magnet_n_sweep (line 83)
                result = runSingleCase(cfg, variant, magnet_n, rep, run_id);
                         ^^^^^^^^^^^^^^^^^^^^^^^^^^^^^^^^^^^^^^^^^^^^^^^^^^",compiler_killed,0,0,0
reduced_n0100_rep02,reduced,100,2,0,NaT,20-May-2026 16:15:36,NaN,NaN,NaN,NaN,NaN,NaN,NaN,0,NaN,NaN,NaN,NaN,NaN,NaN,NaN,NaN,NaN,NaN,NaN,NaN,NaN,NaN,NaN,0,NaN,NaN,NaN,NaN,NaN,NaN,NaN,NaN,NaN,NaN,NaN,NaN,NaN,NaN,NaN,NaN,NaN,NaN,NaN,NaN,NaN,,"Error using AcadosOcpSolver/compile_ocp_shared_lib (line 839)
Building templated code as shared library failed.
Got status 2, result: cc -fPIC -std=c99   -O2 -I/home/mariujf/acados/include -I/home/mariujf/acados/include/acados -I/home/mariujf/acados/include/blasfeo/include
-I/home/mariujf/acados/include/hpipm/include  -c -o maglev_nmpc_reduced_reduced_n0100_rep02_cost/maglev_nmpc_reduced_reduced_n0100_rep02_cost_y_0_fun.o
maglev_nmpc_reduced_reduced_n0100_rep02_cost/maglev_nmpc_reduced_reduced_n0100_rep02_cost_y_0_fun.c
cc -fPIC -std=c99   -O2 -I/home/mariujf/acados/include -I/home/mariujf/acados/include/acados -I/home/mariujf/acados/include/blasfeo/include -I/home/mariujf/acados/include/hpipm/include  -c -o
maglev_nmpc_reduced_reduced_n0100_rep02_cost/maglev_nmpc_reduced_reduced_n0100_rep02_cost_y_0_fun_jac_ut_xt.o
maglev_nmpc_reduced_reduced_n0100_rep02_cost/maglev_nmpc_reduced_reduced_n0100_rep02_cost_y_0_fun_jac_ut_xt.c
cc -fPIC -std=c99   -O2 -I/home/mariujf/acados/include -I/home/mariujf/acados/include/acados -I/home/mariujf/acados/include/blasfeo/include -I/home/mariujf/acados/include/hpipm/include  -c -o
maglev_nmpc_reduced_reduced_n0100_rep02_cost/maglev_nmpc_reduced_reduced_n0100_rep02_cost_y_fun.o maglev_nmpc_reduced_reduced_n0100_rep02_cost/maglev_nmpc_reduced_reduced_n0100_rep02_cost_y_fun.c
cc -fPIC -std=c99   -O2 -I/home/mariujf/acados/include -I/home/mariujf/acados/include/acados -I/home/mariujf/acados/include/blasfeo/include -I/home/mariujf/acados/include/hpipm/include  -c -o
maglev_nmpc_reduced_reduced_n0100_rep02_cost/maglev_nmpc_reduced_reduced_n0100_rep02_cost_y_fun_jac_ut_xt.o
maglev_nmpc_reduced_reduced_n0100_rep02_cost/maglev_nmpc_reduced_reduced_n0100_rep02_cost_y_fun_jac_ut_xt.c
cc -fPIC -std=c99   -O2 -I/home/mariujf/acados/include -I/home/mariujf/acados/include/acados -I/home/mariujf/acados/include/blasfeo/include -I/home/mariujf/acados/include/hpipm/include  -c -o
maglev_nmpc_reduced_reduced_n0100_rep02_cost/maglev_nmpc_reduced_reduced_n0100_rep02_cost_y_e_fun.o
maglev_nmpc_reduced_reduced_n0100_rep02_cost/maglev_nmpc_reduced_reduced_n0100_rep02_cost_y_e_fun.c
cc -fPIC -std=c99   -O2 -I/home/mariujf/acados/include -I/home/mariujf/acados/include/acados -I/home/mariujf/acados/include/blasfeo/include -I/home/mariujf/acados/include/hpipm/include  -c -o
maglev_nmpc_reduced_reduced_n0100_rep02_cost/maglev_nmpc_reduced_reduced_n0100_rep02_cost_y_e_fun_jac_ut_xt.o
maglev_nmpc_reduced_reduced_n0100_rep02_cost/maglev_nmpc_reduced_reduced_n0100_rep02_cost_y_e_fun_jac_ut_xt.c
cc -fPIC -std=c99   -O2 -I/home/mariujf/acados/include -I/home/mariujf/acados/include/acados -I/home/mariujf/acados/include/blasfeo/include -I/home/mariujf/acados/include/hpipm/include  -c -o
acados_solver_maglev_nmpc_reduced_reduced_n0100_rep02.o acados_solver_maglev_nmpc_reduced_reduced_n0100_rep02.c
cc -fPIC -std=c99   -O2 -I/home/mariujf/acados/include -I/home/mariujf/acados/include/acados -I/home/mariujf/acados/include/blasfeo/include -I/home/mariujf/acados/include/hpipm/include  -c -o
maglev_nmpc_reduced_reduced_n0100_rep02_model/maglev_nmpc_reduced_reduced_n0100_rep02_impl_dae_fun.o
maglev_nmpc_reduced_reduced_n0100_rep02_model/maglev_nmpc_reduced_reduced_n0100_rep02_impl_dae_fun.c
cc -fPIC -std=c99   -O2 -I/home/mariujf/acados/include -I/home/mariujf/acados/include/acados -I/home/mariujf/acados/include/blasfeo/include -I/home/mariujf/acados/include/hpipm/include  -c -o
maglev_nmpc_reduced_reduced_n0100_rep02_model/maglev_nmpc_reduced_reduced_n0100_rep02_impl_dae_fun_jac_x_xdot_z.o
maglev_nmpc_reduced_reduced_n0100_rep02_model/maglev_nmpc_reduced_reduced_n0100_rep02_impl_dae_fun_jac_x_xdot_z.c
cc: fatal error: Killed signal terminated program cc1
compilation terminated.
make: *** [<builtin>: maglev_nmpc_reduced_reduced_n0100_rep02_model/maglev_nmpc_reduced_reduced_n0100_rep02_impl_dae_fun_jac_x_xdot_z.o] Error 1


Error in AcadosOcpSolver (line 162)
                obj.compile_ocp_shared_lib(code_export_directory);
                ^^^^^^^^^^^^^^^^^^^^^^^^^^^^^^^^^^^^^^^^^^^^^^^^^
Error in run_magnet_n_sweep>runSingleCase (line 224)
    ocp_solver = AcadosOcpSolver(setup.ocp);
                 ^^^^^^^^^^^^^^^^^^^^^^^^^^
Error in run_magnet_n_sweep (line 83)
                result = runSingleCase(cfg, variant, magnet_n, rep, run_id);
                         ^^^^^^^^^^^^^^^^^^^^^^^^^^^^^^^^^^^^^^^^^^^^^^^^^^",compiler_killed,0,0,0
reduced_n0100_rep03,reduced,100,3,0,NaT,20-May-2026 16:21:51,NaN,NaN,NaN,NaN,NaN,NaN,NaN,0,NaN,NaN,NaN,NaN,NaN,NaN,NaN,NaN,NaN,NaN,NaN,NaN,NaN,NaN,NaN,0,NaN,NaN,NaN,NaN,NaN,NaN,NaN,NaN,NaN,NaN,NaN,NaN,NaN,NaN,NaN,NaN,NaN,NaN,NaN,NaN,NaN,,"Error using AcadosOcpSolver/compile_ocp_shared_lib (line 839)
Building templated code as shared library failed.
Got status 2, result: cc -fPIC -std=c99   -O2 -I/home/mariujf/acados/include -I/home/mariujf/acados/include/acados -I/home/mariujf/acados/include/blasfeo/include
-I/home/mariujf/acados/include/hpipm/include  -c -o maglev_nmpc_reduced_reduced_n0100_rep03_cost/maglev_nmpc_reduced_reduced_n0100_rep03_cost_y_0_fun.o
maglev_nmpc_reduced_reduced_n0100_rep03_cost/maglev_nmpc_reduced_reduced_n0100_rep03_cost_y_0_fun.c
cc -fPIC -std=c99   -O2 -I/home/mariujf/acados/include -I/home/mariujf/acados/include/acados -I/home/mariujf/acados/include/blasfeo/include -I/home/mariujf/acados/include/hpipm/include  -c -o
maglev_nmpc_reduced_reduced_n0100_rep03_cost/maglev_nmpc_reduced_reduced_n0100_rep03_cost_y_0_fun_jac_ut_xt.o
maglev_nmpc_reduced_reduced_n0100_rep03_cost/maglev_nmpc_reduced_reduced_n0100_rep03_cost_y_0_fun_jac_ut_xt.c
cc -fPIC -std=c99   -O2 -I/home/mariujf/acados/include -I/home/mariujf/acados/include/acados -I/home/mariujf/acados/include/blasfeo/include -I/home/mariujf/acados/include/hpipm/include  -c -o
maglev_nmpc_reduced_reduced_n0100_rep03_cost/maglev_nmpc_reduced_reduced_n0100_rep03_cost_y_fun.o maglev_nmpc_reduced_reduced_n0100_rep03_cost/maglev_nmpc_reduced_reduced_n0100_rep03_cost_y_fun.c
cc -fPIC -std=c99   -O2 -I/home/mariujf/acados/include -I/home/mariujf/acados/include/acados -I/home/mariujf/acados/include/blasfeo/include -I/home/mariujf/acados/include/hpipm/include  -c -o
maglev_nmpc_reduced_reduced_n0100_rep03_cost/maglev_nmpc_reduced_reduced_n0100_rep03_cost_y_fun_jac_ut_xt.o
maglev_nmpc_reduced_reduced_n0100_rep03_cost/maglev_nmpc_reduced_reduced_n0100_rep03_cost_y_fun_jac_ut_xt.c
cc -fPIC -std=c99   -O2 -I/home/mariujf/acados/include -I/home/mariujf/acados/include/acados -I/home/mariujf/acados/include/blasfeo/include -I/home/mariujf/acados/include/hpipm/include  -c -o
maglev_nmpc_reduced_reduced_n0100_rep03_cost/maglev_nmpc_reduced_reduced_n0100_rep03_cost_y_e_fun.o
maglev_nmpc_reduced_reduced_n0100_rep03_cost/maglev_nmpc_reduced_reduced_n0100_rep03_cost_y_e_fun.c
cc -fPIC -std=c99   -O2 -I/home/mariujf/acados/include -I/home/mariujf/acados/include/acados -I/home/mariujf/acados/include/blasfeo/include -I/home/mariujf/acados/include/hpipm/include  -c -o
maglev_nmpc_reduced_reduced_n0100_rep03_cost/maglev_nmpc_reduced_reduced_n0100_rep03_cost_y_e_fun_jac_ut_xt.o
maglev_nmpc_reduced_reduced_n0100_rep03_cost/maglev_nmpc_reduced_reduced_n0100_rep03_cost_y_e_fun_jac_ut_xt.c
cc -fPIC -std=c99   -O2 -I/home/mariujf/acados/include -I/home/mariujf/acados/include/acados -I/home/mariujf/acados/include/blasfeo/include -I/home/mariujf/acados/include/hpipm/include  -c -o
acados_solver_maglev_nmpc_reduced_reduced_n0100_rep03.o acados_solver_maglev_nmpc_reduced_reduced_n0100_rep03.c
cc -fPIC -std=c99   -O2 -I/home/mariujf/acados/include -I/home/mariujf/acados/include/acados -I/home/mariujf/acados/include/blasfeo/include -I/home/mariujf/acados/include/hpipm/include  -c -o
maglev_nmpc_reduced_reduced_n0100_rep03_model/maglev_nmpc_reduced_reduced_n0100_rep03_impl_dae_fun.o
maglev_nmpc_reduced_reduced_n0100_rep03_model/maglev_nmpc_reduced_reduced_n0100_rep03_impl_dae_fun.c
cc -fPIC -std=c99   -O2 -I/home/mariujf/acados/include -I/home/mariujf/acados/include/acados -I/home/mariujf/acados/include/blasfeo/include -I/home/mariujf/acados/include/hpipm/include  -c -o
maglev_nmpc_reduced_reduced_n0100_rep03_model/maglev_nmpc_reduced_reduced_n0100_rep03_impl_dae_fun_jac_x_xdot_z.o
maglev_nmpc_reduced_reduced_n0100_rep03_model/maglev_nmpc_reduced_reduced_n0100_rep03_impl_dae_fun_jac_x_xdot_z.c
cc: fatal error: Killed signal terminated program cc1
compilation terminated.
make: *** [<builtin>: maglev_nmpc_reduced_reduced_n0100_rep03_model/maglev_nmpc_reduced_reduced_n0100_rep03_impl_dae_fun_jac_x_xdot_z.o] Error 1


Error in AcadosOcpSolver (line 162)
                obj.compile_ocp_shared_lib(code_export_directory);
                ^^^^^^^^^^^^^^^^^^^^^^^^^^^^^^^^^^^^^^^^^^^^^^^^^
Error in run_magnet_n_sweep>runSingleCase (line 224)
    ocp_solver = AcadosOcpSolver(setup.ocp);
                 ^^^^^^^^^^^^^^^^^^^^^^^^^^
Error in run_magnet_n_sweep (line 83)
                result = runSingleCase(cfg, variant, magnet_n, rep, run_id);
                         ^^^^^^^^^^^^^^^^^^^^^^^^^^^^^^^^^^^^^^^^^^^^^^^^^^",compiler_killed,0,0,0
